yy,aeronautica_6779,aeronautica_6797,aeronautica_6803,aeronautica_6851,friuliveneziagiulia_20,marche_108,marche_110,marche_701,toscana_72,aeronautica_6693,aeronautica_6697,aeronautica_6865,bolzano_39,lazio_388,toscana_25,trentino_6511,aeronautica_6707,aeronautica_6718,aeronautica_6720,aeronautica_6723,aeronautica_6733,emiliaromagna_12702,friuliveneziagiulia_39,marche_152,marche_605,aeronautica_6709,aeronautica_6782,aeronautica_6826,marche_104,trentino_6509,trentino_6564,trentino_6640,aeronautica_6771,aeronautica_6773,aeronautica_6794,aeronautica_6817,aeronautica_6827,aeronautica_6834,aeronautica_6841,aeronautica_6850,aeronautica_6856,aeronautica_6869,aeronautica_6874,aeronautica_6881,aeronautica_6883,aeronautica_6893,aeronautica_6897,aeronautica_6901,lazio_289,marche_25,sicilia_11812,sicilia_11825,sicilia_11882,aeronautica_6691,aeronautica_6692,aeronautica_6919,aeronautica_6922
1961,NA,4.439995276334434,2.897316957959374,8.086769012753894,5.185366084081249,2.3055030703826205,-0.540354274917334,2.0603731695795897,4.541204534718945,NA,4.602914501653283,NA,13.311832782239016,6.152328767123285,5.350307038261693,NA,NA,NA,7.522744449692961,3.7059187529522912,NA,3.764917335852619,20.7037222484648,-2.435847897968827,2.2750023618327777,12.963249881908352,9.955630609352852,3.3574208786017987,13.837982994803967,NA,10.412314596126592,11.977808219178085,NA,1.0117713745866794,-0.6098535663674998,2.4222390174775636,NA,0.6633774208786001,5.688752952290974,1.1873500236183272,-0.7410628247520084,2.573845063769486,-0.3775909305621159,1.547453944260747,NA,NA,1.9036891828058575,-0.13990552668870748,-2.3325838450637697,1.0290080302314575,-0.15743504959848487,NA,5.189702409069444,6.062224846480868,8.156268304204065,NA,5.761015588096367
1962,NA,NA,2.6516863486065194,7.595507794048181,-0.1807179971657984,2.7684222957014644,3.446419461502124,3.1562635805384947,0.8284034010392052,NA,-2.869924421350971,NA,NA,7.4182711384034,-0.9888521492678315,0.24854038734057582,NA,NA,1.7220831365139357,-4.6360746339159205,NA,-0.6280916391119504,1.1382994803967836,-1.2454841757203567,2.2088710439300883,2.212187057156356,NA,2.837817666509215,5.722725555030701,1.9564005668398714,1.6829806329711854,0.07417099669343408,NA,0.48272083136514077,-1.828559282002832,3.1780255077940485,NA,0.5877987718469537,1.4374539442607457,0.535484175720363,-3.9531554085970706,1.7519272555503047,1.719716580066132,0.9806140765233842,-0.9936372224846473,NA,NA,0.6820122815304686,1.503032593292394,4.789045819555977,15.307846008502603,7.403745866792628,NA,-0.8248795465281056,-0.0062257912139802585,1.8747945205479493,4.986334435521968
1963,NA,2.550529050543222,2.3966084081247043,7.274298535663672,-0.020113367973547014,3.1274208786017983,4.353363249881909,1.096745394426076,2.5761596598960814,NA,4.215573925366083,NA,NA,-1.5944827586206873,0.3526688710439334,-0.9607179971657978,NA,NA,1.1646905999055264,-0.16748700991969656,NA,0.7795606991025039,1.459508738781297,-0.6314076523382148,1.3208219178082192,-3.456211620217289,0.4988521492678313,0.34372224846481103,0.22437883797826963,-2.984553613604157,-4.845125177137461,-5.726490316485592,NA,7.076957959376481,3.9721020311761936,1.6758998582900357,NA,2.2599763816721747,0.5210628247520042,-0.9760888049126137,0.6288001889466202,2.044794520547949,-3.0511856400566852,0.3759848842701956,-0.9369532357109094,NA,-1.0911147850732146,0.7953802550779443,2.561133679735473,1.7658998582900356,-3.4451062824751997,-2.5253991497402,0.456589513462454,-4.566022673594711,-5.34396787907416,9.82,0.5177468115257486
1964,-1.7680723572639927,NA,0.03524024872809761,1.1302035048049746,-5.0750292067081215,-5.200065950631243,-3.365183719615602,-1.345673638590542,2.380785754663652,NA,2.0935123421895625,-3.5755153570755622,4.639466742038817,-0.24343697003956954,-3.5295647258338043,-0.47534200113057956,NA,NA,3.4032692670058413,0.5964820048991921,NA,0.4660693423779918,-3.1968381383078945,-3.1175786696815537,-3.7141925758432253,0.9340870548332401,-0.7931091011871079,NA,-5.49543810062182,4.3736009044658,-1.3823685698134547,-5.502464669304692,1.6668174109666491,8.018903335217638,4.168973054456378,-0.8631091011871082,4.6123629169022085,1.6507009609949126,-1.4303014885999605,-3.6956811758055403,-3.9131204070096093,-6.1189127567363855,-6.292549462973431,-4.222129263237233,3.4311984171848486,NA,-5.770150744299981,-4.329900131901263,-1.477987563595251,-2.0450141322781246,-4.556922931976634,-4.120062182023744,-2.8512153759185983,-0.05938760128132614,-1.542449594874693,5.1205464480874365,2.1746693046919194
1965,NA,NA,NA,-0.4441709966934333,-7.398478979688238,-0.3303023145961266,0.3288001889466212,-2.6632923948984404,-1.22166745394426,-5.374728389230044,NA,-5.087888521492679,-5.11046291922532,-1.2543788379782708,-0.8093528578176645,-6.383486065186585,-3.9705479452054773,-4.887940481813889,-6.903330184222958,-5.278493150684932,-6.937907416154937,-4.1613934813415225,-5.7771469059990554,-1.6044827586206871,0.9996126594237147,NA,1.2924279641001455,NA,-5.434572508266414,NA,-7.452588568729334,-6.057146905999055,-5.866887104393009,-4.25039206424185,0.9111667453944232,-0.4025129900802984,1.5919272555503046,-0.14909305621162083,-4.051445441662732,0.14814359943315658,-5.247439773264054,-2.7355550307038277,-2.8811336797354734,NA,-1.4848984411903645,0.4242749173358522,-3.774156825696741,-2.747368918280584,-0.8776948512045362,-2.9105290505432224,-7.998719886632026,-4.292050070854985,-3.813604156825696,-5.992569674067076,NA,3.6603401039206425,0.7633774208786015
1966,5.084572508266417,0.7460888049126133,2.283240434577232,-4.043604156825697,2.738507321681624,0.7655880963627784,2.454449692961738,4.696178554558337,3.6059187529522916,4.970099196976854,11.083783656117141,-3.4535002361832774,5.952361832782239,-4.2775247992442145,2.2137931034482765,-0.1671421823334871,2.1418752952291005,5.9859376476145485,3.1864194615021226,3.573656117146907,7.667666509211147,6.183434104865372,6.476041568256971,12.916065186584788,2.520632971185643,-0.518091639111951,4.32502125649504,0.4948795465281055,10.899863013698633,NA,3.496868209730751,4.240444024563063,0.17940481813887743,0.6905621162021731,2.999026924893716,3.026868209730752,6.693486065186585,8.230689655172416,-0.7637742087860175,-1.9302692489371758,-3.0934482758620696,-3.897576759565423,-4.883967879074161,-2.127557864903163,-4.23407179971658,-0.09532829475673132,NA,-4.495125177137459,1.2290599905526705,1.5675059045819566,1.467505904581957,-3.2245016532829496,1.297401983939535,-0.05964572508266208,-1.6500614076523341,2.9234482758620715,2.4072130373169554
1967,5.16015115729806,-2.3809777987718466,1.1401133679735445,-0.207987718469532,-2.2496835144071783,2.5889230042512974,3.739286726499765,-0.225880963627775,2.3777657061880006,0.7849315068493166,1.730925838450636,4.038233349078883,NA,2.6190269248937152,0.022012281530468414,-0.09156353330184253,2.349716580066133,-0.3248795465281056,0.6261927255550308,1.4385592820028315,0.6388521492678301,4.841913084553616,5.125073216816251,-1.4155361360415686,3.2008408124704744,5.802172886159655,6.403434104865372,4.132102031176194,2.2461076995748677,2.693292394898444,-0.5276948512045365,6.31885687293339,-0.17014643363249782,0.17095890410958958,2.555002361832779,-0.20411903637222295,4.227732640529053,1.9009777987718444,2.495555030703825,-4.698337269721303,-2.073136513934812,-2.3860037789324533,-0.43427491733585555,2.7661596598960827,-2.656367501180916,-2.230425129900804,-1.3745347189418986,-1.0751913084553593,0.23709022201228436,-1.9469012753897026,1.2029806329711867,-0.4186443079829978,4.2355219650448745,5.16472838923004,4.2167312234293846,1.459111950873874,5.373675011809167
1968,1.1997060486150382,-1.3091445260976062,1.0998718673450139,0.6873921236103229,-0.3360052760504999,-2.3170812134916146,1.5151629922743552,-1.4210457885811199,-5.627505181835313,2.2254946297343157,4.637322404371581,0.8337554173732808,2.9907009609949124,-0.30938760128132614,0.08829847371396049,3.302687017147168,-0.9988976823063851,-0.6334407386470691,-0.39360278876955057,1.3973110985490838,-0.11608253250424205,-1.003687582438289,-2.3583229696627095,-2.674767288486903,1.0342528735632204,-0.8088939136988884,-1.2830280761258752,1.8887996985114004,-5.043205200678349,1.1891275673638582,0.12507442999811502,0.593257961183344,-3.1946862634256634,-1.5910457885811198,2.3129338609383847,-0.08112304503485923,0.7683832673827027,4.11913887318636,2.0368174109666484,0.5251592236668561,0.9012756736385885,-0.5225306199359334,1.4048313548143962,1.8830148859996232,-1.656421707179196,-0.3671584699453536,-0.7673242886753329,3.8573996608253243,1.8854946297343158,-0.7542660636894674,5.411043904277369,2.1169832296966256,4.092443941963447,-2.1415432447710554,-1.419969851140003,2.2940908234407402,0.6012756736385896
1969,1.664638639584318,1.8986632026452526,-0.9760888049126137,1.152427964100145,-1.7678696268304206,-1.3128247520075593,0.37603684459140574,-5.09125649504015,NA,3.090080302314597,2.1560557392536612,-0.9121681624940923,3.5243977326405282,-3.8240529050543213,NA,-0.46000944733112625,2.368611242324045,-0.02256495040150952,-0.6680916391119514,-1.8302172886159624,-1.316745394426075,-1.6295087387812934,-3.7743127066603677,-2.190217288615962,0.13990552668871103,-2.0863486065186567,-2.2030845536136034,-0.8182994803967834,-4.669338686820972,-2.7389230042512995,-1.576348606518657,2.7005290505432225,-2.002928672649979,-0.27306565895134405,-0.6004062352385446,-0.22301369863013498,1.308507321681624,4.914676428908834,-1.0755361360415687,0.02532829475673104,4.029839395370811,-2.055347189418989,-1.27508738781294,-0.2853282947567308,3.6544496929617374,5.591965044874819,-0.15582900330656635,2.203032593292395,1.0590080302314568,-1.5501133679735464,0.9856920170052028,-0.1068823807274466,1.8075578649031652,-3.300080302314596,-2.5097685403873395,2.281029759093057,0.36658951346245416
1970,2.4298724610297597,0.8405621162021735,-0.5037222484648112,4.789650448748231,-0.9553991497401997,-0.44367028814360054,0.4988521492678313,-0.31090694378838,0.885087387812943,-1.8036372224846478,0.0776428908833271,2.366055739253662,-1.5582664147378358,-1.7361927255550285,3.073500236183282,-1.9432404345772305,1.1310108644307988,-1.789215871516296,-3.9746575342465746,-1.2255880963627792,-1.930821917808224,0.9496126594237158,-1.4786112423240425,2.344501653282949,-0.8898535663675009,-1.0471421823334879,-0.0963297118563986,NA,-6.738304204062352,-3.211289560699104,NA,-4.101549362305149,-1.454983467170523,-0.30140765233821476,1.5157959376476189,-0.4025129900802984,-1.1383514407179955,6.360118091639112,-1.7179546528105796,-0.2580916391119512,0.997246102975911,2.12037316957959,-0.39648559282002793,1.547453944260747,5.336074633915921,0.08417099669343386,-1.3272980632971176,-0.12101086443079545,-1.75629664619745,-0.8793528578176648,7.872796410014169,0.7055880963627779,1.5902692489371741,-2.657661785545584,-1.8295606991025029,5.493122342938118,0.8861927255550324
1971,-2.1048464808691554,1.530217288615967,-2.213689182805858,-2.220269248937175,-0.6719792158715183,-2.852739726027397,-2.3164525271610756,-6.725644780349551,-3.67797354747284,-0.2731695795937661,-3.6540529050543213,-3.6046575342465736,-1.1425838450637702,-2.2746905999055294,2.072083136513937,1.2405101558809655,NA,NA,-3.9368682097307532,0.635536136041571,NA,-2.6309258384506364,-2.942947567312234,NA,-4.158630136986301,0.4360888049126128,-1.2111147850732138,-4.15320736891828,-5.991965044874823,-6.593434104865377,-3.0501322626358043,-2.930080302314595,6.650826641473786,-0.1880396787907408,-1.6490599905526668,-2.707661785545583,1.091218705715633,3.3558667926310797,0.5871941426546989,-3.6496835144071786,2.14037316957959,-3.821998110533774,-1.0105621162021698,0.867246102975912,-0.6157439773264048,NA,-2.876660368445914,-0.9334813415210164,-2.0397165800661323,-4.979494567784601,-1.0171421823334867,-4.509338686820972,-5.202361832782238,-0.49422295701464414,-0.03456778460084564,-0.657090222012279,-2.4865044874822866
1972,2.2172300734878476,NA,-1.7360052760505003,1.8462389297154687,-1.004933107216882,-0.17839645750895095,-1.292449594874693,1.1604503485961928,-3.2438609383832686,0.5955718861880541,NA,-1.0128622573958914,-2.3795647258338057,-5.4158507631430215,-1.2212926323723359,-1.2102204635387181,NA,NA,1.5754946297343135,3.5831034482758586,NA,1.1255756547955524,1.4291275673638584,-5.171469756924817,-3.2619596758997558,-0.9690597324288674,-2.6774128509515736,NA,0.20458074241567736,3.864838892029397,-1.9099736197475021,-0.603274919917089,-2.2242698322969634,-2.8252647446768417,-1.8513774260410791,-2.314022988505746,0.3067288486904083,-1.3076559261352916,-0.9309609949123789,2.202189560957226,2.9174806858865683,NA,NA,0.4226794799321656,-2.8058469945355187,NA,-2.4726191822121732,NA,-2.7781571509327305,-0.28319012624834805,-2.163857169775765,-2.0661710947804828,0.521688336159789,-4.261384963256078,-3.9166723195779145,1.1446655360844176,-1.659888826078765
1973,1.5985073216816232,0.08477562588568688,0.41266887104393213,-1.5778507321681605,-1.947368918280585,1.3135333018422308,-3.2989749645725066,-3.9197874350495994,-3.0166603684459146,NA,-1.4433774208785994,2.7911856400566855,-2.2573689182805854,-0.13959376476145202,-0.025224374114312553,-5.542673594709495,0.11069910250354553,-2.922895606991026,-1.9529286726499802,1.6086112423240433,-0.29643363249881816,-1.7901133679735466,NA,-5.751861124232406,-1.3622201228153035,2.627869626830419,0.13985356636750268,NA,0.16769485120453353,-0.8966934341048649,-5.364728389230044,-0.0014076523382140493,6.953141237600379,1.1723760037789326,-1.4034293811998086,2.4222390174775636,6.06996221067549,-2.3408738781294325,-2.15253188474256,1.1023240434577204,5.5697543693906475,0.10809163911194908,-1.624638639584317,0.8577987718469551,-0.09614076523381954,1.208403401039206,1.8375578649031645,1.0315635333018438,-1.1422201228153046,-0.9171421823334871,1.6470051960321204,3.5397874350496004,NA,-3.7629995276334443,-1.7917713745866841,-1.04443079829948,5.16583372697213
1974,-3.786471421823336,-3.930340103920642,-3.8953141237600404,-5.215073216816249,-0.9553991497401997,-3.2022909777987714,-4.168129428436465,-0.3298016060462938,-2.676556447803496,-0.3487482286254142,1.0129286726499789,-3.0850543221539937,1.4932215399149715,-1.1126688710439332,0.456589513462454,-1.0079546528105787,5.278389230042514,7.7998252243741195,4.754676428908834,5.500911667453941,0.44045819555975463,1.1763486065186584,NA,0.1338261691072269,-5.7646764289088335,3.4497874350496005,1.6419792158715154,-4.946783183750591,-0.3330136986301362,17.941284837033535,3.0528436466698157,2.6060557392536623,-1.0204062352385446,-1.3500614076523352,-4.162050070854984,-4.0680774681152565,-1.1477987718469524,-6.053675011809164,-3.267316957959375,-0.9666414737836568,0.9500094473311282,-4.606126594237126,-7.378063297118563,-3.4218422295701476,-1.7494237128011338,-5.253571091166744,1.1479026924893745,-4.438441190363722,-4.779442607463391,-1.030510155880961,-8.017614548889938,-2.9788710439300914,-5.51412376003779,-2.213637222484648,-2.490873878129431,-3.944761454888993,-4.564917335852622
1975,-4.202153991497403,-4.978993859234766,-4.584969296173831,-4.459286726499763,-1.9379215871516298,-0.821563533301843,-2.4298205007085496,-0.21643363249881808,-2.393136513934812,-4.637836561171469,-3.1250023618327853,0.21206424185167982,-2.9470240906943808,0.6917713745866791,-2.43429381199811,-4.380651865847896,0.14848842701936782,0.695432215399153,1.1835852621634384,1.4857959376476177,0.27985356636750147,-0.3446717052432682,NA,-4.070236183278223,-3.9035521965044886,1.0407179971657996,-2.95887104393009,-4.653915918752953,6.639116674539439,-2.068162494095418,-0.47101086443079687,-0.010854983467169177,-3.1271610769957476,-5.223467170524328,-4.6627586206896545,-3.831894189891355,-4.076471421823335,-3.559579593764763,-4.9772838923004254,-2.3553991497402,-2.403793103448275,-1.2806660368445932,-5.139045819555974,-4.017024090694379,-3.2326547000472363,-2.3721350968351445,-2.9050023618327847,-5.789409541804439,-4.033103448275861,-4.49768068020784,-5.117283892300424,-1.5050873878129405,-4.191497401983939,-3.621289560699104,-2.349163911195083,-5.465781766650921,-6.4732782239017475
1976,-2.8044394196344467,NA,NA,-6.359903900508761,-3.6806444318824205,-3.061381194648577,-3.892788769549651,-3.6068381383078947,-3.611300169587338,-5.113868475598266,-6.197424156774074,NA,-0.4575749010740502,-1.7226154136046734,-3.3693989071038217,-3.066259657056716,-2.5817128321085354,-4.722379875635952,-3.841878650838516,-3.4359280195967594,-3.0084887883926896,-4.838245713208969,NA,-5.491801394384774,-3.591712832108537,3.7793857169775773,-4.062376107028451,-5.243289994347087,-0.2476521575277939,NA,-1.1750951573393635,-0.08509138873186117,-0.48128886376484026,-2.570883738458641,-2.2093951384963244,-4.980312794422459,-3.9046900320331632,-5.707505181835313,-9.089996231392501,-3.837003957037875,-0.9170774448841144,-7.127015262860373,-6.509244394196344,-5.239653288110042,-3.229815338232524,-5.096760881854153,-4.036591294516675,-6.619329187865082,-3.5695647258338052,-1.4703014885999597,-5.574446956849443,-4.129483700772566,-9.380327868852458,-1.8683192010552094,1.255741473525534,-5.309074806858863,-9.046359525155454
1977,-2.652791686348606,1.0295087387812973,1.5274539442607455,4.487335852621637,-0.3602172886159618,0.5294048181388771,0.574430798299483,14.88984884270193,3.1713415210203113,-0.9155880963627787,-2.841582427964103,3.7548134152102026,-1.9550543221539947,7.96621634388285,2.402739726027402,NA,0.5358290033065671,0.5159329239489878,3.167524799244214,4.225521965044873,1.3851913084553615,1.5447945205479492,1.7334813415210206,24.50794048181387,0.4516674539442622,-4.429286726499764,2.482791686348607,5.813726972130375,4.305625885687295,3.940340103920642,-1.746400566839867,-1.3807179971657977,1.4831365139348165,0.8511667453944227,3.244657534246576,-1.0449315068493146,0.16538025507794352,-0.7915115729806335,6.661828058573455,3.227973547472839,0.4965375531412395,8.365059045819555,1.7291639111950872,2.0953991497401994,-0.9275059045819507,-2.825606991025034,3.9159707132734987,1.5889560699102496,0.596088804912613,-1.2950354274917295,-3.1427916863486045,2.2738450637694854,-3.9742087860179494,-2.789924421350971,-3.3978176665092112,-0.06190836088805085,NA
1978,-3.0117902692489373,-1.889716580066132,-4.008682097307511,-2.8437931034482746,-4.517042985356637,-2.956660368445914,-4.054761454888992,NA,-3.6307368918280583,-2.8050543221539943,-4.560996693434106,-1.781322626358051,-6.470878601794993,NA,-4.559943316013227,0.22019839395370688,-3.923311289560698,-5.303623051487955,-3.521185640056686,0.0781435994331563,-5.435781766650922,-6.54212092583845,-3.5097874350495992,-7.320118091639112,-2.02353330184223,-3.475106282475201,-3.6390788852149267,-3.123448275862069,-4.829943316013228,-4.524468587623998,-6.649565422768067,-7.171931979215872,-6.839962210675484,-1.529560699102504,-3.000028341993386,-0.591459612659424,-1.5823760037789327,-2.8604770902220142,-7.424142654700047,-4.188181388757675,-1.8369532357109097,-3.1512376003778915,-1.4829286726499795,-5.26407179971658,-1.2959518186112424,-6.169962210675484,1.2234813415210208,-4.891913084553614,-1.746849315068495,-3.118370335380254,-3.2183703353802535,1.9526358053849826,0.003117619272554606,-6.162621634388286,-4.181946150212566,-1.5356920170052,-3.4784742560226727
1979,-3.956523382144545,2.805606991025039,-0.15417099669343415,1.7476098252243766,-1.408871043930091,1.030113367973545,-1.220562116202169,-4.590547945205478,0.7055880963627779,-0.5660368445914035,-0.8198535663675006,0.20261691072272292,-3.135970713273501,0.9374019839395338,-1.4328767123287687,-2.717921587151629,-2.88410486537553,-2.006504487482288,3.3470240906943793,-2.4159518186112434,-0.4286962683042077,-0.3541190363722233,-0.3354841757203566,3.9977846008502596,0.1021162021728852,-3.1066603684459144,-1.4756400566839858,-1.6874539442607421,-2.8271091166745403,0.08582900330656607,2.5048984411903614,-1.3240340103920634,-3.5806329711856373,4.2333112895606995,2.7911856400566855,3.735418044402456,-0.32588096362777463,2.618974964572507,-2.7949504015115725,-0.3998016060462941,4.086523382144543,4.132654700047237,1.4551913084553618,-0.6726688710439319,2.889215871516299,-0.8416674539442592,1.5163486065186582,0.6536702881436014,2.4005290505432217,1.5864005668398722,0.3905101558809658,-0.3052763344355238,9.063108171941423,-2.2514265470004755,-1.593377420878598,-4.823363249881909,0.631114785073219
1980,-4.358990013190126,-5.76552289429056,-7.351230450348596,NA,-5.508419069153947,-4.3144431882419445,-3.365183719615602,-5.302711513095912,-4.732460900697192,-4.981967213114754,-7.280898812888637,NA,-3.4065102694554357,-6.584119087996986,-6.940154512907481,-0.39054833239118025,-4.183371019408326,-6.521889956661013,-5.085519125683063,-5.631141888072357,-6.701724137931035,-7.457427925381571,-6.786436781609195,NA,-2.602453363482195,-5.774034294328246,-7.397593744111551,-5.752052006783493,-6.02304315055587,-4.48262671942717,-2.7767533446391557,-3.8254343320143214,-8.07503297531562,-5.350231769361222,-7.805777275296778,-4.565765969474279,-6.344863387978142,-6.99825325042397,-8.986359525155455,-8.453548143960807,-5.967011494252874,-6.627674769172791,-8.252225362728472,-6.539822875447522,-6.178750706613906,-4.757586206896551,-5.779572263048803,-6.920817787827397,-6.424284906726965,-5.483868475598265,-4.048160919540228,-7.323378556623329,NA,-4.374443188241945,-3.2760090446579984,-7.975364612775579,-4.486344450725457
1981,1.9008219178082193,-0.12306565895134369,1.4613226263580525,-3.1177657061880026,0.4428058573453022,2.1826877657061896,1.5380585734530001,-5.1479404818138885,-0.2769343410486549,0.3692489371752483,-0.46085498346717024,2.6494756731223443,3.798370335380252,NA,0.9950873878129443,8.524402456306092,0.7342229570146444,2.4526358053849826,-1.3577468115257467,-0.8193528578176661,-1.9402692489371756,-2.139664619744922,-0.6472461029759078,-5.232257912139819,4.17391591875295,0.5589041095890419,0.5082994803967846,1.7797165800661325,3.4175767595654243,1.2761927255550312,1.456244685876241,3.3712895606991022,NA,-0.5281435994331609,NA,1.5625318847425618,-4.766126594237126,-2.274742560226734,-0.943273500236181,-2.0719792158715187,-5.814279641001418,4.803415210203122,NA,-0.247538970240905,0.8769343410486563,-0.2748275862068965,-1.1383514407179955,-3.4275767595654223,-0.01798771846953251,-1.6445866792631065,NA,NA,-6.704487482286253,3.568129428436464,4.122257912139821,-1.2050354274917296,-2.779371752479924
1982,NA,3.4007888521492724,5.33472838923004,1.6625838450637715,0.6600944733112915,-1.2277987718469525,4.75959848842702,-3.9953660840812475,5.778804912612189,0.6148795465281047,0.39885214926782986,3.6603401039206425,-1.2370571563533312,-6.611015588096363,2.005951818611244,4.981653282947569,2.755951818611244,4.8522579121398195,3.3753660840812483,0.7489041095890414,3.359683514407182,-1.7145347189418985,-4.501757203589985,2.6279215871516275,2.9929995276334473,-2.643741143127068,-0.9465895134624489,0.5326688710439331,2.0571610769957474,2.948370335380252,0.048592347661784885,-1.1634293811998084,2.84355219650449,0.6149834671705232,5.455333018422298,7.315956542276808,0.2598535663675019,0.3327208313651404,10.081761927255556,5.126887104393008,-0.7505101558809617,3.877576759565425,2.560529050543222,3.257420878601799,3.0781624940954178,9.115819555975431,6.5234341048653715,2.807661785545582,8.607425602267357,NA,-0.8565375531412371,3.7287340576287225,-1.6879546528105784,1.055139348134153,-1.2816154936230486,9.451554085970717,7.631587151629667
1983,2.259820500708548,2.437161076995748,-0.4375909305621164,-1.6061927255550277,0.04601794992914421,-1.5112187057156348,NA,NA,-0.8059848842701935,2.5704770902220133,-2.416452527161077,-0.7326688710439324,1.7860888049126125,NA,-0.091355692017002,1.382220122815303,-0.21995748700991946,2.0841898913556935,2.9124468587624044,-4.116471421823336,-2.7999763816721783,-2.8387671232876706,-2.01710911667454,-0.8675909305621161,-0.341908360888052,4.3000472366556455,0.6689041095890431,2.5260557392536622,2.954657534246575,2.0036372224846506,7.2758006613131805,3.730288143599431,3.807179971658007,-2.587661785545584,-0.29809163911195036,0.7595087387812978,-1.5823760037789327,-3.0966603684459146,-1.6612706660368453,0.16703826169107217,-3.8870240906943803,0.9961407652338199,-0.7649315068493152,-2.297609825224373,-0.6440859707132738,-5.300807746811526,4.49225791213982,-0.9901653282947525,0.4165895134624531,7.387061880018898,-3.822999527633443,-1.2122201228153031,-2.18866320264525,8.159532357109109,6.40851204534718,NA,0.8484034010392065
1984,-5.574365931788206,-7.35775956284153,-6.691724137931035,-1.1498040324100245,-3.1624609006971918,-2.109807801017526,-1.7635255323158088,-5.651307706802335,-7.408172225362729,-4.623949500659507,-2.937578669681554,-5.412711513095911,-6.543876012813266,NA,-5.621141888072355,-7.748754475221405,-2.732457132089693,-4.788330506877708,-2.409807801017527,-6.545029206708122,-6.334284906726965,-7.834288675334463,NA,-0.09327115130959207,-3.5634482758620702,-6.951724137931035,-4.806676088185413,-5.450563406821179,-4.534443188241945,-4.71816468814773,-4.406676088185415,-4.239981156962503,-3.1098925946862623,-8.07305068777087,-5.243124175617108,-7.703131712832109,-0.5977369511965325,-3.7478292820802723,-1.5622027510834755,NA,-4.431303938194837,-1.6813774260410774,-2.457991332202753,-6.313706425475786,-2.4289862445826254,-4.446676088185414,-5.619406444318823,-3.4725419257584313,-6.848253250423969,-0.6600508762012449,1.7366515922366705,-6.7957735066892795,-5.168908988128884,-4.807833050687772,-3.9637799133220257,-6.986105144149237,-6.022052006783492
1985,-0.6216154936230502,0.3681955597543709,NA,0.4249834671705237,0.4333585262163435,9.712210675484172,0.11151157298063552,NA,0.3749315068493164,-1.680821917808224,-1.3300094473311272,0.5143788379782706,-1.9645016532829498,6.539669343410489,0.8155880963627791,7.740273972602736,2.1796646197449245,-1.2507179971657987,-1.7545347189418994,-1.046088804912614,3.9076287198866346,7.307666509211147,0.089645725082665,0.5872980632971174,1.8404251299008028,-0.07406707605101204,2.983500236183282,1.5529806329711864,7.281535191308459,2.938923004251297,0.6437742087860183,-4.271601322626358,-1.3510628247520078,-0.584827586206897,NA,NA,-2.3665044874822874,-2.841582427964103,2.4577657061880007,-1.2595087387812942,-0.7599574870099204,3.546920170051962,1.6252432687765683,2.832290977798774,1.3115115729806348,-1.370717997165798,-2.2342418516769005,1.5039300897496481,0.794482758620692,10.551917808219184,0.7211667453944237,-5.21788852149268,8.165611714690602,2.160477090222013,0.3527727916863519,-7.572536608408124,NA
1986,-1.1412187057156356,3.9392867264997644,0.8377987718469537,-0.01904109589040992,4.354000944733112,-3.3817902692489366,-4.498786017949927,9.722158715162966,-0.22969768540387392,4.629995276334434,0.285484175720363,-3.4157109116674533,-2.2857109116674543,-2.0668493150684952,-2.405951818611242,0.7870382616910732,2.6803731695795907,2.4526358053849826,-1.1215635333018437,2.770632971185643,3.709234766178554,2.687921587151628,NA,NA,-4.271998110533775,-1.217194142654698,-0.9465895134624489,0.4476428908833281,-7.541327350023619,NA,-1.8314265470004756,-4.016523382144544,-0.3024090694378838,-1.0477468115257462,1.3835333018422311,-0.7804062352385444,1.582479924421353,1.7025838450637707,10.100656589513463,2.8311856400566846,6.061015588096366,2.0825838450637715,7.293641946150208,3.096816249409544,1.32095890410959,-0.8983514407179953,-2.2436891828058574,-2.813500236183277,-3.844156825696741,7.131983939537079,0.8723240434577217,-3.602394898441191,0.24874822862541457,4.8718611242323995,0.9951913084553627,-0.3075389702409055,2.5583703353802534
1987,6.28438356164383,3.9959707132734987,5.476438356164385,0.06598488427019511,5.695521965044874,0.4160368445914049,-2.3636891828058566,7.2752999527633335,6.921931979215875,10.364525271610768,2.704000944733112,4.82236183278224,NA,-0.13959376476145202,6.757959376476144,7.0600661313179,0.9798535663675025,3.028923004251297,NA,0.5316154936230486,5.069650448748231,2.6784742560226746,0.16522437411431312,NA,7.045904581955593,-2.68153046764289,1.2168493150684974,4.424969296173833,-0.12517241379310384,-1.8225318847425598,4.044813415210202,4.108181388757677,5.054227680680208,4.9702031176192705,2.6211336797354736,4.075521965044874,0.6849834671705235,5.009149740198396,3.260788852149272,5.221360415682568,10.869707132735,7.032985356636752,16.43865847897969,11.467151629664622,8.604851204534725,7.4247472838922945,6.410066131317899,16.544081247047707,14.587586206896551,3.35305148795465,3.394761454888995,8.187874350495987,5.019650448748232,7.488771846953226,NA,1.7141898913556943,4.684019839395376
1988,NA,NA,NA,NA,10.969817222536273,2.2523553796872076,7.478984360278883,6.031375541737326,1.1559883173167531,1.0854908611268161,NA,NA,NA,-1.96757490107405,0.3897870736762794,1.5220199736197504,-1.2909647635198773,5.443438854343322,NA,NA,4.556990766911625,7.6829527039758805,2.192270586018468,6.322783116638401,6.979231204070093,NA,1.8449161484831347,NA,-0.08748633879781487,-5.151554550593556,1.9057414735255325,5.624348973054456,NA,NA,NA,NA,NA,NA,NA,NA,NA,NA,NA,NA,NA,6.925097041643113,NA,NA,7.236917279065382,-4.96568494441304,0.7568136423591483,14.176527228189178,4.384511023176936,NA,1.6326022234784272,NA,NA
1989,-1.490769957487009,1.9081105337742112,1.3762966461974493,-4.430944733112895,4.542947567312236,2.1921350968351465,0.46106282475200544,0.36930089749645667,2.3966603684459145,3.7136041568256974,3.998285309400096,2.8195276334435526,3.184293811998108,6.804194615021251,1.03287671232877,0.5414076523382185,-2.2511336797354726,-0.1737222484648111,-0.8853802550779406,0.9945347189418996,0.6766414737836559,1.1291119508738756,-2.4233443552196494,-2.4925318847425597,-0.13406707605101253,-1.717902692489373,-2.1747425602267327,1.8930845536136065,-1.4194567784600824,-3.7592347661785546,2.467109116674541,3.4657628719886677,5.904487482286255,2.627264997638166,2.044846480869152,1.3357959376476192,-2.801081719414266,-1.660666036844594,-0.017435049598486074,2.113188474256022,4.077076051015586,-0.19422295701464343,0.5388001889466203,-2.4960037789324527,4.542498819083612,0.40538025507794373,4.019891355692016,2.9399244213509697,-5.091204534718942,-1.3044827586206864,6.011672177609826,5.16472838923004,4.679546528105817,10.124577231931974,7.901190363722247,-1.025536136041568,-2.609319792158715
1990,7.682588568729324,-4.2987860179499275,3.6436561171469073,-3.297264997638167,8.047907416154937,4.138285309400096,7.074194615021252,NA,4.90020311761927,-1.8603212092583856,0.8995606991025031,3.301341521020312,2.1828767123287687,2.052187057156356,5.265281058101088,-1.121322626358051,1.7261927255550322,0.062461029759093734,NA,4.178285309400096,5.55146433632499,3.708233349078883,-0.713377420878599,-1.6328247520075596,2.2750023618327777,2.9490788852149237,2.586712328767126,3.8770240906943805,1.4808738781294295,-2.25710911667454,6.161015588096365,3.607472838923007,8.200188946622584,6.273934813415211,-0.6287482286254136,3.348077468115253,1.2896126594237156,-0.20577704298535693,7.5971138403401,14.271903637222486,2.0175578649031642,2.847817666509215,19.49959376476145,9.058082191780821,NA,11.080864430798304,10.538549834671693,18.72641473783656,5.527595654227683,2.6350543221539944,5.463726972130376,5.117491733585265,NA,7.545455833726967,7.513849787435049,0.7222201228153029,-1.655139348134151
1991,2.207912087912087,-1.5500550964187312,0.8490109890109885,-3.561868131868132,5.5065753424657515,NA,3.4086301369863037,NA,-0.9949315068493156,1.3044817927170875,3.4988888888888905,-4.394876033057851,-0.8308219178082243,NA,0.758904109589043,-3.113314763231198,-0.4089041095890398,2.792739726027401,2.6368131868131854,-1.394573002754818,4.096575342465751,0.17493150684931713,1.0249315068493168,-4.2686301369863004,-0.5969863013698635,0.8637362637362678,0.1495604395604424,-0.15698630136986225,0.21493150684931628,-3.0318681318681326,NA,NA,3.725068870523419,2.088767123287669,-1.9382417582417588,-1.294065934065932,0.5442857142857136,-3.521868131868133,14.355635359116022,4.304444444444444,-0.9240659340659327,2.318767123287669,6.084383561643831,2.4827397260274022,1.32095890410959,3.768630136986303,NA,2.5479120879120885,3.1846575342465755,-2.3247945205479432,4.972465753424661,1.196849315068496,6.786301369863011,3.81742382271468,NA,-4.4107692307692306,-6.728356164383561
1992,1.8686338797814201,11.180718232044196,10.40794520547945,-0.5398901098901074,4.92120218579235,NA,1.4586338797814218,1.9518579234972666,3.9365753424657512,2.1879120879120872,2.282176308539947,0.5049315068493172,4.3379781420765,-0.45071038251365714,5.373770491803279,NA,-0.43360655737705045,8.096336088154265,0.7759668508287323,0.5933240997229916,1.8718579234972665,0.6921857923497274,-0.09715846994535404,1.7250819672131144,4.5673224043715805,7.457142857142854,1.7647945205479498,2.0018579234972673,1.5518579234972663,NA,NA,-0.6503825136612011,8.57808219178082,6.19835616438356,-0.5646153846153794,3.574426229508198,1.675730027548214,-3.559398907103823,13.803149171270718,9.532131147540984,6.722328767123285,2.318767123287669,15.329836065573767,10.701917808219184,3.4783060109289643,3.515378151260501,3.7644262295081976,7.673114754098364,7.792786885245894,17.325628415300546,2.744754098360657,3.624426229508197,NA,7.498219178082186,4.56989010989011,-0.07071038251365636,-1.2489041095890396
1993,1.9008219178082193,3.6462637362637356,7.815801104972376,-1.3640659340659322,2.7668493150684963,1.2568493150684965,1.2168493150684974,4.450547945205479,6.128356164383559,1.8808219178082197,2.522087912087917,8.450136986301366,2.456849315068496,3.9605479452054784,4.868493150684934,NA,-2.874657534246573,1.7284615384615378,0.1349315068493162,4.075714285714286,3.000684931506852,2.6406849315068524,3.490684931506852,NA,13.923561643835615,6.8602739726027355,5.052465753424661,9.43205479452055,3.228630136986302,1.6068493150684962,NA,NA,5.145856353591158,3.809586776859504,-1.1389041095890402,3.3386301369863034,6.63440771349863,-0.5269863013698632,13.945824175824175,4.145714285714286,0.968904109589042,-0.9689041095890403,12.659726027397257,11.308571428571428,5.430547945205479,2.9467123287671253,7.364246575342461,3.8846575342465766,-1.746849315068495,1.236849315068497,12.369726027397258,3.9365753424657512,10.895890410958906,5.0746153846153845,4.802465753424661,-2.5087671232876705,-2.533767313019389
1994,2.585373961218835,12.43747252747253,21.178681318681317,0.12555555555555742,23.040821917808223,7.284246575342461,9.436027397260272,14.861506849315067,8.04616438356164,4.6205479452054785,13.785824175824175,7.3542465753424615,10.67602739726027,22.042739726027406,11.44383561643836,8.014246575342462,5.344520547945207,16.21739726027397,7.80616438356164,9.79,15.32945205479452,10.311917808219183,10.227955182072833,NA,7.89616438356164,9.873972602739721,14.093561643835617,8.816565096952914,7.88616438356164,NA,12.849726027397256,5.128493150684934,18.715068493150696,8.990769230769223,1.8747945205479493,14.571506849315067,5.446438356164386,1.3908219178082195,19.165604395604394,17.2572602739726,10.831917808219183,7.524246575342461,20.197777777777773,22.11140495867768,6.569340659340661,13.357671232876708,17.454309392265195,15.734725274725267,10.033972602739722,NA,14.287534246575335,8.594109589041087,9.25205479452055,21.19684931506849,11.498567493112951,3.518630136986303,7.292417582417581
1995,-1.6608219178082244,-1.8708219178082235,4.380547945205478,-0.8409589041095895,4.909025069637881,-0.3869863013698627,-3.714657534246573,1.7108219178082198,1.2284615384615378,-2.5027397260273974,3.582602739726031,-3.5684297520661152,-0.5568493150684954,-2.0668493150684952,-1.4328767123287687,NA,2.330821917808221,1.1489041095890418,0.1349315068493162,1.2968493150684957,0.8089041095890419,-2.8387671232876706,2.4946961325966868,-4.5426027397260285,-0.8709589041095906,1.1068493150684962,NA,-3.170684931506849,-3.8946575342465746,NA,3.534657534246575,0.19698630136986495,1.4547945205479493,-0.3769863013698629,1.1147658402203842,0.5989041095890428,5.764065934065934,-3.8146575342465745,0.7289041095890418,-2.7224175824175836,-1.496849315068495,-2.0647945205479434,7.7282191780821865,2.756712328767126,2.755730027548214,5.4124657534246605,-2.4987671232876707,8.317142857142855,NA,-1.22890410958904,8.808082191780821,1.7447945205479485,NA,3.6626027397260312,1.7887671232876698,-1.3887912087912095,0.4834806629834265
1996,-1.1368306010928961,3.9209890109890146,6.892967032967029,-0.32071038251365636,5.820439560439564,-0.6871584699453539,0.09251366120218663,0.6149315068493166,NA,10.921917808219183,1.6647945205479484,-6.081639344262294,1.0592896174863426,-1.8168306010928958,-0.9103825136612009,NA,5.850546448087437,2.7583060109289637,3.148630136986302,2.666712328767124,2.418306010928964,-1.493606557377051,NA,-3.4661748633879785,-2.5365027322404385,-4.3726027397260285,-0.9749315068493143,-1.0036065573770507,-1.4536065573770518,0.209289617486343,1.5854098360655762,1.5354098360655772,-1.0109589041095894,2.088767123287669,4.614520547945206,4.940546448087437,1.0321857923497273,0.020958904109589227,-0.3669863013698631,3.284657534246575,1.5168493150684963,1.2228767123287696,1.6686338797814209,-0.28393442622950715,8.123114754098363,13.02081967213114,1.884794520547949,-1.8897267759562828,NA,1.2054098360655772,18.591748633879774,8.815683060109285,15.483060109289621,NA,-4.786575342465753,-3.6046575342465736,-1.7968493150684939
1997,0.7941573033707829,9.636027397260271,11.623085399449035,-4.950547945205478,3.3147945205479488,0.7089041095890423,3.1346575342465766,5.820410958904114,NA,6.5383561643835595,1.116849315068496,2.457362637362637,3.2787671232876683,3.4126027397260312,7.334246575342462,0.34301369863013775,10.055494505494508,7.17630136986301,1.7787671232876683,3.762602739726031,2.452739726027401,8.66808219178082,5.134520547945206,-4.2686301369863004,0.7728767123287685,12.613698630136986,NA,0.3909589041095902,1.5847945205479483,4.346575342465751,6.000410958904114,0.19698630136986495,22.002739726027407,1.2668493150684963,7.3542465753424615,10.96963988919667,3.8795867768595045,1.116849315068496,1.8912121212121171,5.750410958904114,3.4346575342465755,0.1828374655647398,2.796712328767125,3.030684931506853,8.444246575342461,12.26178082191781,8.786043956043953,2.51479452054795,NA,5.894383561643831,10.451917808219184,9.41602739726027,5.416438356164386,NA,5.350410958904115,NA,2.03876712328767
1998,6.558356164383559,7.265371900826448,11.072121212121203,1.8987671232876693,0.9285082872928179,-2.852739726027397,6.422328767123286,9.93,NA,4.110989010989014,NA,0.23095890410959008,5.196575342465751,8.070136986301366,3.2246575342465764,0.8909589041095902,9.454109589041089,10.19,4.518493150684932,NA,2.7267123287671247,7.024246575342461,5.408493150684933,1.7587671232876687,NA,3.0246575342465754,8.6660439560439535,4.774520547945206,4.87246575342466,8.730136986301366,8.46616438356164,1.566849315068497,17.971428571428568,1.023736263736268,0.7789041095890425,13.475616438356163,1.0937362637362682,2.2473626373626363,3.7426027397260313,4.380547945205478,9.18808219178082,NA,0.05698630136986438,12.956923076923074,3.786712328767125,8.974109589041088,1.9179120879120877,4.745714285714287,NA,NA,8.260136986301367,7.498219178082186,16.375342465753427,NA,NA,3.3031460674157316,7.244246575342462
1999,NA,6.434216524216527,NA,NA,5.860550964187327,4.818493150684933,7.518219178082187,NA,NA,NA,NA,NA,-0.5568493150684954,5.330410958904114,8.704109589041089,-2.396712328767123,6.758791208791202,3.926263736263735,NA,NA,3.461111111111107,8.66808219178082,5.134520547945206,2.8546575342465754,NA,NA,NA,NA,2.6806849315068515,3.7986301369863025,NA,-1.4468493150684942,NA,NA,NA,NA,11.95885154061625,NA,NA,NA,NA,NA,NA,NA,NA,21.113956043956044,NA,NA,11.403835616438359,NA,NA,17.087260273972603,15.279452054794522,NA,NA,NA,NA
2000,NA,NA,NA,6.899545454545457,13.204444444444443,10.515027322404368,10.475027322404369,28.454590163934427,NA,NA,NA,NA,5.977322404371581,7.199562841530048,NA,4.726575342465752,9.675683060109286,6.673516483516481,NA,NA,9.24890710382513,17.632076502732232,12.043296703296704,4.730546448087436,8.392459016393442,NA,NA,6.272134831460669,0.4589617486338753,12.504371584699454,12.787595628415303,-0.10393442622950744,20.57977528089888,NA,NA,NA,-0.19849002849002595,5.765988857938723,NA,NA,NA,NA,20.514900849858364,16.151186440677968,5.993798882681565,11.108251366120221,NA,9.33323943661972,13.530491803278688,12.954043715846996,16.9524043715847,17.832076502732228,14.116939890710384,6.356666666666664,8.904444444444447,NA,NA
2001,3.9321546961325993,NA,NA,4.653798882681565,NA,9.75,10.257945205479452,NA,NA,3.836263736263735,NA,5.522479338842977,3.0047945205479483,5.878356164383559,NA,5.274520547945206,7.905371900826449,7.724246575342461,9.723972602739721,7.32424657534246,10.671917808219183,5.106438356164386,12.654049586776857,3.9505479452054786,5.156438356164385,9.710192837465561,10.314395604395607,6.188791208791201,4.050547945205478,9.27808219178082,10.383972602739721,1.8408219178082206,20.084931506849315,8.390136986301366,9.27205479452055,13.541098901098902,NA,2.557658402203854,NA,21.992963988919662,6.860828729281776,14.373561643835616,12.295690607734803,14.537534246575335,11.45794520547945,16.097397260273972,NA,13.199726027397258,13.321643835616436,10.551917808219184,7.712191780821916,11.88178082191781,21.854794520547944,NA,NA,2.182637362637367,10.531917808219184
2002,4.914520547945205,NA,NA,6.877692307692307,11.765617977528082,NA,8.614109589041089,NA,5.801111111111114,4.110989010989014,5.676481994459827,9.600219780219778,1.0869863013698637,0.39890410958904177,5.163128491620112,6.096438356164386,6.714383561643832,5.806438356164385,NA,22.392739726027408,11.82802197802197,3.736575342465752,10.944395604395606,6.964246575342461,9.54,0.5589041095890419,8.340136986301367,7.562417582417581,11.72178082191781,NA,10.931917808219183,4.032602739726032,21.180821917808224,8.87357340720222,10.424395604395606,11.246648199445982,1.1873407202216057,2.8331404958677684,5.660410958904114,6.66440771349863,8.966043956043952,NA,10.753333333333329,9.88,10.636027397260271,18.563150684931504,2.467362637362637,12.223085399449037,15.513424657534243,NA,13.191643835616437,NA,19.936986301369863,-0.9693406593406575,-0.12904109589040935,-0.12413407821228795,3.1715384615384625
2003,15.394725274725266,NA,NA,13.196373626373624,10.986027397260271,5.914383561643831,8.340136986301367,20.614931506849317,16.338351648351647,0.2648351648351621,NA,11.85856749311295,7.6623287671232845,NA,15.074725274725267,9.817016574585633,12.19383561643836,16.636280991735532,20.561111111111114,20.55923076923077,18.069178082191783,11.468021978021971,12.805753424657532,16.005342465753426,6.52630136986301,NA,15.53417582417583,12.140664819944597,12.817671232876707,16.94931506849315,16.685342465753426,NA,37.2021978021978,25.715056179775274,22.969171270718228,18.290137741046834,5.2996132596685115,3.1834072022160687,24.660109890109904,27.497362637362627,24.169779614325073,18.56142857142857,20.257078651685397,22.022857142857156,7.208342541436458,23.861208791208803,19.388011049723758,15.18527472527473,21.81479452054794,12.743698630136986,11.27383561643836,19.279041095890413,21.306849315068494,16.06362637362637,14.46,6.6708287292817765,14.778870523415975
2004,8.152786885245893,0.04698630136986459,8.439234972677593,2.4115300546448104,2.7354098360655765,NA,5.600410958904115,19.984644808743166,3.975714285714286,-0.33715846994535426,0.29493150684931635,12.497595628415304,2.69863387978142,NA,4.0465753424657525,NA,4.2112021857923505,8.222786885245894,0.6828767123287687,2.3583060109289633,8.975683060109285,2.0583060109289644,4.350989010989014,6.096666666666664,9.48535519125683,1.3486338797814206,6.923114754098364,7.514246575342462,2.6447540983606554,7.957142857142854,6.503442622950818,0.44251366120218627,4.700546448087437,9.978579234972676,10.585027322404368,9.145494505494508,12.082747252747245,3.071538461538461,5.070546448087436,5.01151515151515,5.203370165745852,9.662131147540984,6.313442622950818,12.557595628415305,4.2979781420765,10.835027322404368,1.578633879781421,2.7550819672131155,8.19575418994413,3.3912021857923502,4.384098360655736,0.6189617486338754,7.28633879781421,1.4708219178082196,0.9354098360655776,-0.6171584699453536,4.0350688705234194
2005,3.8562637362637346,-0.47461538461537955,6.343516483516481,1.6579120879120879,2.7668493150684963,-0.11301369863013555,-2.070821917808223,-4.0260439560439565,3.3886301369863023,2.7373626373626365,3.071538461538461,4.5422222222222235,2.456849315068496,NA,2.5071823204419914,NA,11.097945205479451,8.54616438356164,1.537912087912087,4.350439560439563,4.918493150684933,1.2708219178082203,3.2520879120879176,-3.1727397260273973,2.1427397260274006,12.402197802197799,3.4462637362637363,4.265714285714287,2.4067123287671244,NA,NA,1.8408219178082206,12.476923076923073,5.41934065934066,3.3186225895316817,4.200439560439564,3.016813186813186,0.8737362637362676,4.687127071823205,3.0831404958677684,0.17483516483516226,8.396593406593409,7.275371900826448,15.70417582417583,4.371538461538462,10.891917808219183,10.983846153846157,1.479283746556474,5.41934065934066,0.6889041095890427,7.712191780821916,-6.748356164383562,NA,4.84151515151515,5.668791208791202,1.9412121212121178,5.911117318435753
2006,3.067658402203854,4.430547945205479,7.7171428571428535,1.4484530386740353,8.33988980716253,3.7226027397260317,4.23054794520548,-2.9467123287671235,9.142054794520549,2.7373626373626365,3.73742382271468,3.0068131868131864,3.8267123287671243,NA,11.429213483146068,4.765714285714287,7.262328767123286,7.724246575342461,6.208241758241755,8.694109589041087,11.767808219178084,6.10971830985916,11.219120879120876,1.2108219178082198,4.882465753424659,8.77808219178082,9.764945054945056,7.788219178082187,10.351917808219183,10.268067226890759,NA,NA,21.72876712328766,9.265494505494507,5.797961432506888,9.861606648199444,1.6431868131868157,6.1389256198347155,2.4460563380281712,7.815801104972376,0.5072375690607736,4.510547945205479,10.799120879120876,19.275604395604397,1.0469863013698646,19.385068493150694,18.480137741046832,12.925753424657533,10.855890410958905,4.524520547945206,12.095753424657532,-1.5428767123287699,26.512328767123297,10.902121212121203,7.268219178082187,8.226593406593409,10.531917808219184
2007,4.445068870523418,10.514395604395606,15.067756232686978,2.242176308539948,10.43808219178082,4.270547945205479,12.723698630136987,2.532739726027401,4.210547945205478,0.5972375690607734,3.8161281337047317,9.325494505494508,9.032191780821915,NA,10.347945205479451,NA,7.58296703296703,11.618571428571427,NA,4.115068870523418,16.020798898071625,11.68178082191781,9.244109589041088,8.334109589041088,7.772044198895028,12.127472527472529,12.23747252747253,12.569531680440768,16.653287671232874,NA,NA,NA,21.90688705234158,3.7709890109890143,5.754065934065935,5.024615384615386,1.3684615384615384,6.917692307692306,7.367765363128491,10.025745856353588,7.365371900826448,8.634067796610177,14.850747922437671,19.550329670329667,9.041868131868135,20.564505494505497,9.664710743801654,14.361098901098902,NA,5.072465753424661,14.287534246575335,0.6489041095890418,22.40273972602741,12.618176795580107,9.570192837465562,-1.6868493150684944,7.6163360881542665
2008,14.16371584699453,7.444246575342461,20.27095890410959,7.152417582417581,12.29825136612022,NA,NA,25.99557377049181,3.3512021857923493,5.946994535519126,5.26934065934066,4.614520547945206,7.343442622950818,5.229473684210522,5.646994535519127,NA,9.454109589041089,9.91602739726027,10.878571428571426,6.4566666666666634,11.981147540983601,11.07469945355191,13.079726027397257,5.219473684210522,6.4798907103825165,10.812121212121204,4.190874316939892,15.185479452054796,0.21493150684931628,NA,NA,0.4709589041095903,13.850549450549446,5.924383561643831,10.585027322404368,8.92374655647382,1.3368493150684966,3.856575342465751,7.852191780821915,14.86,7.544246575342461,12.667595628415304,6.040218579234972,15.563060109289621,4.2979781420765,9.575494505494508,19.338196721311476,19.69497267759563,8.339234972677593,9.948579234972676,13.673715846994531,10.785890410958904,12.75081967213114,7.996010928961747,3.1212021857923506,0.7489617486338762,2.860684931506853
2009,8.750136986301365,12.923698630136986,13.695616438356161,6.556301369863011,12.081917808219183,NA,NA,31.29986301369862,10.23794520547945,9.02655367231638,2.7606849315068516,6.806301369863011,7.11438356164383,8.822022471910108,9.25205479452055,NA,6.166438356164386,12.655753424657531,11.64178082191781,9.79,11.767808219178084,14.969452054794521,14.175616438356162,7.7861643835616405,NA,6.312328767123285,9.436027397260272,12.719726027397257,5.596481994459827,NA,NA,NA,23.372602739726027,7.294246575342461,7.951868131868135,17.585205479452057,10.159670329670329,NA,6.482328767123285,11.229863013698633,5.626438356164385,10.811917808219183,17.043287671232875,19.469041095890418,1.8990109890109892,21.576849315068493,13.731098901098902,16.28417582417583,12.499726027397257,16.579315068493152,9.63,14.621506849315066,10.073972602739723,4.210547945205478,4.254520547945207,1.3268493150684968,6.970273972602737
2010,3.2706849315068514,3.608630136986303,20.27095890410959,6.556301369863011,10.044530386740325,0.6135097493036223,4.473231197771586,15.40945205479452,3.9365753424657512,3.250684931506852,3.856575342465751,6.25835616438356,5.470547945205478,NA,0.758904109589043,NA,5.344520547945207,9.094109589041087,6.757692307692306,8.694109589041087,8.256593406593408,7.846164383561641,10.34,-1.9349025069637875,2.836398891966759,-1.0849315068493155,3.1346575342465766,1.486849315068497,NA,NA,NA,4.8545205479452065,9.510192837465562,5.376438356164385,6.25835616438356,9.366027397260272,14.213561643835616,NA,0.7590109890109886,7.668219178082186,2.338767123287669,-0.4209589041095896,15.947397260273972,15.359452054794522,9.540136986301366,17.193287671232877,5.532479338842977,13.325013774104683,12.499726027397257,7.312417582417581,16.753287671232876,28.59410958904109,15.827397260273973,3.3886301369863023,1.5479120879120885,-0.3169863013698624,2.586712328767126
2011,2.7227397260274007,6.67136363636363,20.544931506849316,2.994657534246576,10.164109589041088,2.626712328767125,6.696301369863011,17.327260273972602,8.86808219178082,4.976033057851243,5.226438356164385,4.340547945205479,11.771917808219182,NA,8.430136986301367,NA,10.55,12.929726027397257,2.911538461538461,7.598219178082186,19.16506849315069,10.311917808219183,10.394945054945055,0.9368493150684962,2.1427397260274006,9.489502762430936,11.627808219178085,10.801917808219184,9.859670329670328,NA,NA,3.2468131868131866,18.405524861878455,5.968791208791201,7.902191780821916,5.530410958904115,2.4327397260274015,NA,10.043972602739721,5.51934065934066,5.078493150684933,4.510547945205479,17.1178021978022,15.633424657534244,-1.966712328767123,11.987808219178085,13.35941176470588,6.119340659340661,10.581917808219183,10.825890410958905,18.123150684931502,29.963972602739737,17.745205479452057,16.887802197802202,12.199726027397258,-2.2347945205479434,1.2168493150684974
2012,7.3331147540983626,12.285690607734804,22.373661202185794,6.2823287671232855,10.819228650137736,7.010273972602736,8.340136986301367,21.077540983606557,9.362131147540984,7.586338797814209,7.096338797814209,11.677923497267763,9.802459016393442,15.39628415300547,7.832786885245895,11.633846153846157,7.216666666666665,10.955027322404367,-0.16748633879781494,21.210765027322406,12.254371584699454,13.391098901098902,13.29081967213114,1.9983060109289639,9.54,12.824043715846996,14.300163934426227,15.389836065573768,12.207595628415303,15.236612021857924,17.18182320441989,7.046301369863011,11.652747252747245,3.7326027397260315,8.945683060109285,18.68109589041096,12.02178082191781,NA,28.02136612021857,15.887397260273971,10.228579234972676,21.308681318681316,20.24786885245902,21.573989071038255,5.390874316939891,12.747595628415304,16.95328767123288,9.039234972677594,14.623387978142071,17.87207650273223,12.58081967213114,6.629890710382517,29.96393442622951,8.815683060109285,15.68950819672131,5.393770491803279,5.010546448087437
2013,9.024109589041087,8.540136986301366,15.409450549450547,5.186438356164386,15.913739612188364,5.6404109589041145,4.778493150684934,15.683424657534243,4.015068870523418,7.68241758241758,8.016593406593408,0.7789041095890425,6.840410958904114,0.946849315068496,3.4986301369863035,11.15039106145252,6.440410958904115,9.36808219178082,4.518493150684932,21.296849315068492,15.055479452054795,9.763972602739722,14.997534246575334,4.265164835164837,2.1427397260274006,2.750684931506852,5.600410958904115,6.41835616438356,NA,9.659228650137736,12.849726027397256,8.880224719101124,11.04383561643836,4.828493150684933,9.27205479452055,10.025674931129473,4.350547945205479,NA,22.827851239669418,8.490136986301366,7.270273972602736,7.524246575342461,18.253333333333323,8.784109589041089,6.01989010989011,12.048021978021971,11.47383561643836,9.364109589041089,10.855890410958905,11.647808219178085,12.095753424657532,14.621506849315066,15.553424657534244,3.9365753424657512,5.624383561643832,-1.9608219178082233,2.03876712328767
2014,11.489863013698633,11.827808219178085,19.723013698630133,3.816575342465752,22.21890410958904,10.629120879120876,14.641506849315068,15.896850828729278,14.347534246575334,7.68241758241758,14.195635359116022,3.792602739726032,14.511643835616436,8.381504178272978,11.169863013698635,14.863561643835617,11.097945205479451,18.135205479452054,16.025342465753425,22.11876712328766,20.53493150684932,19.32425414364642,NA,11.957472527472529,7.07424657534246,12.740495867768596,9.215494505494508,NA,4.090439560439563,15.853424657534243,18.603150684931503,11.44888888888889,17.14725274725275,10.30794520547945,7.127692307692307,13.201643835616437,11.199863013698634,NA,12.235753424657531,7.490853994490365,4.2565753424657515,8.946043956043953,12.785013774104682,6.638241758241756,6.526438356164386,8.700136986301366,15.857397260273972,8.268219178082187,NA,NA,17.0272602739726,18.183150684931505,NA,10.36039106145252,10.888571428571428,-0.5909589041095895,2.586712328767126
2015,15.59945205479452,14.360549450549446,21.914794520547943,8.251318681318686,13.999726027397257,5.027777777777777,10.428232044198893,16.24578947368421,11.333835616438359,8.730136986301366,9.062054794520549,7.902191780821916,13.14178082191781,14.645479452054795,10.621917808219184,14.315616438356162,10.00205479452055,17.313287671232878,13.9625348189415,12.25575342465753,13.137671232876707,11.407808219178085,NA,NA,6.114585635359113,13.709589041095887,12.997671232876709,14.363561643835617,8.760769230769222,18.045205479452058,16.411369863013697,9.782222222222215,19.894505494505495,8.390136986301366,12.01178082191781,17.112527472527468,9.83,NA,8.674109589041088,11.503835616438359,6.99630136986301,12.455753424657532,14.577534246575334,19.743013698630136,9.266164383561641,12.26178082191781,12.082747252747245,8.042417582417581,19.349041095890414,21.65090395480226,NA,NA,NA,18.183150684931505,16.857260273972603,4.614520547945206,7.518219178082187
2016,4.640547945205478,9.469228650137737,18.353150684931503,6.053516483516482,10.112459016393442,7.105371900826448,7.19633879781421,NA,7.176338797814209,3.5246575342465754,6.870273972602735,12.01178082191781,9.256010928961746,11.844371584699454,7.832786885245895,9.605683060109286,12.19383561643836,14.025616438356161,NA,7.872191780821915,10.123972602739721,7.846164383561641,8.919234972677593,NA,10.031803278688528,4.668493150684933,8.340136986301367,8.559234972677594,3.934432132963993,16.875956284153006,14.700163934426225,9.782222222222215,4.194520547945206,8.93808219178082,17.292527472527468,18.21142857142857,18.04917808219178,NA,3.7426027397260313,9.86,8.966043956043952,10.319670329670329,NA,19.195068493150693,6.526438356164386,17.741232876712324,12.02178082191781,12.21141242937853,14.350163934426226,NA,15.383424657534244,13.799589041095887,19.389041095890416,5.580410958904114,11.65178082191781,-0.34393442622950765,0.09251366120218663
2017,7.977142857142853,NA,17.2572602739726,4.954615384615385,3.448365650969528,2.146694214876037,7.438531855955677,12.795013774104682,6.950273972602735,3.3963988919667596,6.68988980716253,9.050769230769223,8.758219178082186,NA,11.99178082191781,7.798435754189942,12.253296703296705,13.816373626373624,NA,9.349228650137736,7.981868131868135,8.720769230769223,8.422191780821915,NA,6.858435754189941,14.6,12.786923076923074,8.936043956043953,NA,13.387671232876707,14.493561643835616,5.950410958904115,9.729670329670329,5.41934065934066,7.951868131868135,12.4421978021978,9.610219780219778,NA,1.308461538461538,7.991868131868134,6.218791208791201,13.616373626373624,16.293626373626374,19.000879120879127,1.8990109890109892,15.07,5.764065934065934,NA,12.225753424657531,9.343259668508292,7.164246575342462,2.5667123287671245,13.361643835616437,10.35115702479339,9.78967032967033,-0.5646153846153794,8.940769230769224
2018,17.367191011235953,NA,29.35579831932774,10.018179271708679,15.917534246575334,0.7692837465564732,8.718264462809923,NA,14.347534246575334,20.912324929971987,14.259859943977592,3.786480446927376,16.97739726027397,4.2345205479452055,8.704109589041089,13.493698630136986,19.51935933147632,19.716462395543168,20.984090909090913,20.152116991643453,20.7692200557103,15.38531680440771,NA,7.88730027548209,3.5895867768595036,13.90167597765363,10.939050279329606,9.081123595505616,2.451348314606742,20.594505494505498,19.973013698630133,10.778232044198893,27.38882681564244,9.815710306406684,22.222234636871512,24.458941504178277,33.12608938547487,NA,16.026983240223462,25.334860335195522,18.143704735376048,24.6268715083799,34.270282485875704,18.371620111731836,10.687158774373259,26.00314763231198,13.07929971988795,NA,24.828493150684928,13.341111111111115,15.383424657534244,1.196849315068496,19.663013698630134,16.243672316384178,16.83430167597765,-0.2626446280991743,2.896813186813187
2019,18.097839335180048,14.840747922437671,22.546980609418277,7.021523545706369,11.80794520547945,4.626033057851243,7.11331491712707,15.274352617079892,9.195494505494507,13.091689750692522,9.887777777777778,12.534681440443212,NA,6.843314917127069,14.457534246575335,16.233424657534243,13.818698060941824,NA,12.291225626740946,11.950664819944596,15.334764542936282,13.246906077348067,16.093424657534243,5.958925619834716,7.99730027548209,12.314681440443211,16.02578947368421,12.542674094707518,9.807777777777778,17.4972602739726,19.151095890410957,13.136923076923074,18.20886426592798,5.549473684210522,13.91972299168975,15.401772853185587,23.80790055248618,NA,18.855872576177276,15.067756232686978,10.785623268698059,27.109113573407207,15.546740947075206,23.21333333333333,6.699473684210522,23.588005540166208,19.192880886426593,15.390747922437672,17.705205479452054,9.73,10.999863013698635,21.74479452054794,17.471232876712325,16.226312849162007,12.66441988950276,4.614520547945206,4.504520547945207
2020,11.977923497267762,13.407267759562842,18.313038674033145,2.9579781420765006,7.106994535519126,3.1379781420765003,9.71,9.483072625698327,8.815683060109285,4.580874316939891,2.7247540983606555,12.224371584699455,8.436338797814209,5.833442622950818,7.832786885245895,7.693114754098364,9.402459016393443,7.403114754098363,12.127595628415303,2.3583060109289633,6.243442622950818,NA,NA,6.643114754098363,6.800273972602735,16.490756302521007,8.289234972677594,10.47180327868853,4.639890109890109,8.132786885245894,11.694699453551909,5.719340659340661,16.249315068493154,7.519562841530048,19.328196721311475,18.055300546448088,8.136010928961747,4.090874316939891,17.242527472527467,2.155081967213114,6.403442622950818,9.99,NA,9.552131147540985,10.035683060109285,23.67655737704918,18.597123287671224,21.880765027322408,14.623387978142071,0.41493150684931734,14.493387978142072,23.296557377049176,16.575956284153005,13.73371584699453,9.678579234972677,2.6615300546448104,7.19633879781421
