yy,aeronautica_6779,aeronautica_6797,aeronautica_6803,aeronautica_6851,friuliveneziagiulia_20,marche_108,marche_110,marche_701,toscana_72,aeronautica_6693,aeronautica_6697,bolzano_39,lazio_388,toscana_25,trentino_6511,aeronautica_6707,aeronautica_6718,aeronautica_6720,aeronautica_6723,aeronautica_6733,emiliaromagna_12702,emiliaromagna_9224,friuliveneziagiulia_39,marche_152,marche_605,aeronautica_6709,aeronautica_6782,aeronautica_6826,marche_104,trentino_6509,trentino_6564,trentino_6640,aeronautica_6771,aeronautica_6773,aeronautica_6794,aeronautica_6817,aeronautica_6827,aeronautica_6834,aeronautica_6841,aeronautica_6850,aeronautica_6856,aeronautica_6869,aeronautica_6874,aeronautica_6881,aeronautica_6883,aeronautica_6893,aeronautica_6897,aeronautica_6901,lazio_289,marche_25,sicilia_11812,sicilia_11825,sicilia_11882,aeronautica_6691,aeronautica_6692,aeronautica_6919,aeronautica_6922
1961,NA,-4.098077468115258,-6.431015588096363,-4.422153991497402,-4.197491733585263,-2.57258384506377,-1.956348606518656,-6.414936230514879,-6.441620217288616,NA,-3.4539489844119027,-1.5963486065186565,-3.353948984411903,-4.178630136986301,NA,NA,NA,-5.182706660368445,-5.9413084553613595,NA,-5.0428105810108645,-7.043486065186585,1.87087387812943,-3.0815824279641033,-1.635640056683986,-2.463689182805858,-2.4782144544166282,-4.3419981105337735,-1.4583514407179958,NA,-6.064832309872461,-5.758960793575815,NA,-4.866575342465753,-5.502914501653284,-6.002517713745867,NA,-6.029149740198395,-4.734917335852623,-6.199305621162021,-4.330840812470477,-3.5007888521492676,-4.985625885687294,-5.510755786490316,NA,NA,1.9642418516769027,-5.340255077940483,-5.12954652810581,-3.963051487954653,1.6409258384506362,NA,-4.808337269721302,-6.079201700519602,-5.2389418989135565,NA,-6.581015588096362
1962,NA,NA,2.3455550307038244,1.6902692489371738,3.218663202645253,9.39718469532357,8.02003306565895,5.819357581483226,3.0907368918280618,NA,9.422763344355216,6.405540859707127,0.5572461029759115,2.557316957959374,5.357439773264055,NA,NA,2.1956589513462497,1.5315304676428916,NA,2.345002361832778,-0.5248275862068965,14.445271610769955,11.571228153046766,8.71863486065186,3.233051487954649,NA,2.7812895606991024,3.7565753424657515,2.1346386395843187,3.3730514879546494,2.4035333018422307,NA,3.862758620689659,1.639267831837504,2.452843646669816,NA,1.4342418516769015,3.427576759565424,0.22487954652810593,3.312050070854987,1.9030845536136063,0.30487954652810423,-1.1555361360415688,-2.623136513934811,NA,NA,-1.3251393481341527,-1.7662966461974499,1.5541898913556942,8.357978271138407,8.389636277751526,NA,3.7554700047236675,5.257042985356637,2.1988190836088783,1.9404770902220143
1963,NA,3.3086301369863023,1.4952952290977795,0.24482758620689715,2.8880066131317914,7.526613131790267,7.368167217760984,1.7286632026452526,6.8129853566367515,NA,4.632966461974492,NA,0.2549315068493172,3.3697874350496004,4.450495984884272,NA,NA,9.725181861124225,4.375177137458667,NA,4.990255077940484,3.2729995276334485,7.501483230987239,8.944870099196985,7.084246575342462,9.695025980160597,6.402276806802078,2.762394898441192,4.6918611242324,5.346731223429384,5.120807746811526,2.923136513934816,NA,6.715852621634392,2.612342938119985,0.8279026924893742,NA,0.6595606991025029,0.6406140765233825,0.26266887104393355,-1.5249834671705234,0.5332215399149725,4.603415210203121,-1.1838781294284395,3.0641568256967417,NA,15.993528578176663,-1.759716580066133,-0.812116202172886,0.5338781294284374,15.556844591402928,4.091100614076524,6.122224846480869,5.682725555030702,3.981653282947569,4.9574397732640545,0.6272980632971183
1964,-1.7116242698322974,NA,-2.635511588468062,-2.1859242509892605,-3.5787431693989076,-4.751716600716034,0.43284529866214605,-2.100964763519878,-5.726514038062937,NA,1.0207819860561536,1.706732617297913,-5.474281138119465,-5.430065950631244,-3.135349538345583,NA,NA,2.7252515545505958,0.32970604861503894,NA,-2.5041888072357272,0.3909440361786345,1.2540870548332403,-0.08732052006783597,0.9783022423214636,0.699127567363858,-2.970224232146223,NA,-6.071307706802335,-3.606344450725458,0.6883832673827026,-0.12476351987940504,-1.8750951573393628,-5.08014697569248,-5.639074806858863,-4.912460900697192,-4.264277369511964,-2.612287544752215,-1.952368569813455,-1.838897682306385,-1.5311268136423628,-0.051454682494815884,-3.417084982099116,-4.063533069530808,-4.6703938194837,NA,7.866836254004143,-3.685268513284343,-5.341388731863576,-5.421967213114754,1.3534275485208198,-2.7037761447145288,4.070708498209912,-4.3483267382702095,-2.7284039947239487,-3.7708875070661385,-3.5392330883738436
1965,NA,NA,NA,-1.3801133679735464,-0.18237600377893237,-2.4214265470004754,-5.158993859234766,-4.638837978271138,-3.0027916863486057,2.4022909777987724,NA,6.358304204062346,-0.34969768540387314,0.11990552668871146,2.66495040151157,4.776178554558337,-1.6991639111950843,1.4965564478034992,0.19945677846008714,0.8732735002361807,-3.2478176665092127,-3.3873689182805844,-2.2953991497401995,2.8229995276334474,0.546693434104867,NA,-2.90334435521965,NA,-4.623207368918281,NA,2.267713745866793,2.214586679263112,8.57863486065186,2.3606329711856446,-1.3649834671705232,-0.041251771374586355,0.6744827586206927,-0.8520122815304685,5.373726972130374,6.186145488899385,-3.234950401511572,-0.8649834671705232,0.34266887104393184,NA,0.5606140765233842,7.401171469059992,16.59815777042985,-1.457401983939537,-0.027987718469532297,-2.6026358053849776,-3.725158242796411,1.6820311761927247,3.1274208786017983,9.593920642418519,NA,2.246055739253661,-0.05290977798771479
1966,-2.8782664147378325,-0.9426688710439333,-0.5831176192725547,0.45266887104393305,-2.2041048653755304,-4.528181388757675,-4.998389230042513,-2.012479924421351,3.024605573925367,0.8812706660368423,-0.40246102975909004,-0.9066934341048647,0.33051015588096533,0.21437883797826984,1.1817194142654692,1.6302172886159667,-0.565484175720357,-0.5157250826641473,0.15222012281530262,-0.9689560699102486,0.10598488427019426,NA,-6.697855455833727,-4.054657534246575,-0.624775625885686,1.2302172886159664,-2.336504487482288,-2.0557439773264043,-2.5070051960321216,NA,0.8695087387812972,1.2037222484648105,3.9022059518186136,1.255295229097781,0.9779546528105811,0.5539300897496471,1.2980066131317916,-2.486400566839867,-1.0599055266887092,-0.4742229570146428,-3.584501653282949,-1.9986632026452504,-0.4886962683042082,-3.1394756731223445,-3.6245536136041556,3.5750023618327784,NA,0.2242229570146428,-2.0591639111950837,-1.6956920170052001,1.310269248937173,-4.572102031176192,-0.056329711856399456,NA,3.556523382144544,-3.053897024090694,-3.718474256022673
1967,-2.708214454416627,2.080477090222013,-0.09185640056684363,1.2745866792631126,-4.764331601322624,-3.791289560699104,-1.5973500236183256,0.6327727916863513,-3.7113415210203122,0.21995748700991946,-1.6778507321681602,NA,-1.218852149267832,-2.770977798771847,0.9644307982994818,-2.895054322153994,-3.985418044402457,-3.41605573925366,-3.655054322153994,-3.5386301369863,-0.2908030231459602,-2.480425129900804,-3.929787435049599,2.3128436466698155,1.6236891828058582,-4.967231931979216,-0.5981955597543696,3.0552621634388295,-0.23019839395370667,-7.756717052432688,-2.1725318847425594,1.2698535663675017,-2.8809777987718466,-3.090477090222013,-1.4689041095890403,-0.07904109589041042,1.1846386395843194,1.4625838450637705,0.09266887104393184,4.2116532829475695,2.7074208786017984,6.57951346244686,0.7394567784600845,-0.05964572508266208,0.26774681152574864,-0.4779026924893728,-4.7433632498819085,-0.796088804912614,-0.1885923476617819,-2.3286632026452505,2.3305810108644316,9.447737364194614,2.1826877657061896,2.6217902692489403,2.215002361832779,-2.9121870571563537,-2.4619792158715175
1968,0.8039212361032622,-0.15823063877897425,1.217889579800266,2.2704541172036983,-0.5638571697757655,-2.744933107216882,-2.732785000942152,2.9112832108535915,6.512038816657242,-0.39360278876955057,-0.5526116449971727,0.5196212549463013,-0.46203316374599446,-0.3330243075183734,-2.164933107216882,0.6092085924250998,-2.918076125871491,-1.2977369511965318,1.535660448464295,3.0203730921424548,1.4622705860184677,0.16482758620689708,-2.7500584134162436,2.3151667608818514,0.37532504239683284,-0.40319012624834905,-2.7064217071791967,0.8794592048238208,0.8535085735820633,-0.20517618240060287,0.28325796118334345,2.522683248539666,2.8073996608253236,0.6858224985867754,-0.8058356887130209,0.4766478236291718,1.0683022423214634,-0.6149255700018852,-0.1434369700395699,4.756165441869232,-1.87030148859996,1.3994592048238204,-0.49641416996419885,1.5893781797625763,-3.5680761258714897,0.6383794987752012,-2.685264744676841,0.8370604861503654,-0.2443470887507022,-2.067906538534011,-2.462287544752215,-0.3578179762577687,-3.1555963821368005,0.965409836065577,-0.3447597512719014,-2.99832296966271,-3.2942736009044644
1969,-1.9429806329711852,1.5703212092583847,0.427746811525747,2.257109116674542,3.483188474256023,-0.43748700991969613,0.07482758620689722,4.799045819555976,NA,1.5425838450637706,3.9716532829475693,5.7914643363249905,1.180769957487012,NA,0.5298535663675015,0.5815635333018427,4.12983939537081,3.064813415210203,-0.5468823807274461,2.29037316957959,1.9860037789324512,2.4605290505432222,-0.7271421823334876,5.147042985356636,3.5887340576287237,0.805087387812943,-0.8627208313651433,2.2333443552196517,1.9332404345772325,-1.8143457723193208,2.9479215871516278,3.3010297590930566,2.3433963155408613,-1.3521681624940918,1.3841898913556943,2.1032923948984443,2.894605573925368,4.4195984884270185,1.1885592820028315,5.213070382616911,2.594052905054319,1.2417713745866799,3.7342607463391566,3.029631554085972,5.558252243741137,8.204194615021251,1.6713745866792635,5.845384978743507,2.6739489844119024,4.66236183278224,1.2157959376476182,1.8237411431270676,3.0896315540859725,2.5934482758620714,2.8007368918280626,3.937128011336794,3.09305148795465
1970,-1.5650873878129392,-3.7296315540859704,-2.8126877657061895,-1.0022201228153023,-1.0987671232876703,-2.1569012753897034,-3.090028341993386,-1.398403401039202,2.32550307038262,0.06880018894661966,0.9107179971658006,3.3446055739253673,0.31161549362304974,-2.818214454416628,-2.049267831837507,-2.517161076995748,-0.22538025507794046,-2.131218705715634,-0.6602503542749165,1.3361927255550317,-3.1155550307038284,1.1379026924893747,-2.739423712801134,-0.9370382616910735,-2.457557864903163,-1.6417713745866855,-2.298715162966463,NA,-3.225002361832785,-2.7401842229570166,NA,1.9217194142654694,0.7279026924893746,-2.2591119508738746,-1.903481341521017,-1.4866934341048648,-0.8181955597543684,0.6595606991025029,-0.6914596126594255,-0.6820642418516769,4.379598488427019,1.2606660368445937,-3.1906329711856385,0.0064855928200309165,4.245073216816252,3.4238450637694857,2.6444496929617376,-2.0903731695795953,-1.0199574870099202,-1.9885592820028322,-3.215002361832785,-0.5380916391119506,-2.1725318847425594,2.3005810108644322,2.9613415210203122,1.5186112423240434,-2.197453944260742
1971,1.0518233349078887,-0.5836702881436011,1.8448464808691512,1.7280585734529996,3.7193717524799226,1.5653471894189899,1.7092158715162995,3.0796315540859727,2.448318375059042,-2.8693197921587164,-0.317435049598485,-2.323793103448275,-0.9259848842701928,-0.20130373169579485,-3.5891828058573445,NA,NA,-3.2460037789324527,-1.5388521492678322,NA,-0.4230656589513444,-0.22251299008029868,1.70082191780822,NA,0.26327350023618123,-1.6323240434577233,0.6299574870099196,2.2616863486065206,0.08156353330184274,2.654241851676902,-0.3397496457250817,-0.6385073216816259,-0.24517241379310306,-0.8798016060462928,-0.987090222012279,0.7523240434577207,0.40995748700992074,0.4517194142654688,2.019924421350968,1.8214785073216824,2.8491308455361395,0.41985356636750204,0.9661927255550307,3.8987860179499325,4.5001511572980615,NA,1.0856400566839906,2.2837411431270667,-0.2641709966934336,3.443656117146908,1.2535852621634387,2.513396315540861,4.818493150684933,-1.9318233349078895,-1.611166745394426,1.395795937647618,0.5044827586206928
1972,1.8779743734690033,NA,3.6297983794987747,3.146655360844168,3.4308667797248926,4.095089504428115,0.12193517995100756,-3.0902242321462223,4.48641228566045,1.4059072922555131,NA,2.7054136046730726,-1.3853420011305797,1.3722705860184679,6.126003391746744,NA,NA,5.005259091765595,4.503438854343322,NA,5.456994535519126,1.0975579423403055,5.522035048049748,4.1712059543998485,-0.1428584887883897,1.5753288110043346,0.40267947993216424,NA,0.2505313736574326,9.951221028829849,5.936169210476727,3.8605389108724335,6.24625400414547,4.605174298096854,3.0946730732994148,5.008398341812697,1.0777237610702812,3.992197098172225,5.132613529300922,2.787068023365366,1.6439250047107592,NA,NA,4.717322404371581,5.288151498021479,NA,6.528980591671379,NA,2.3465705671754282,4.26335406067458,3.388475598266444,2.515745242133031,3.6184755982664445,3.4903768607499526,3.1977312982852837,2.221198417184848,2.000619935933674
1973,-0.46919697685403605,-1.7173500236183266,-1.008247520075578,3.2018422295701487,1.1024610297590947,0.8567973547472878,0.6700094473311289,-1.8424279641001409,-1.8880066131317896,NA,-2.4619792158715175,2.13534718941899,-0.7842749173358552,1.6787151629664603,-1.8603212092583856,-3.197368918280585,-3.4469201700519605,-1.2242749173358547,-0.11230514879546583,-1.0350873878129399,1.2774539442607455,-2.6977137458667917,NA,1.4058998582900344,0.19714218233349,-3.8713415210203124,1.8675578649031639,NA,3.6148653755314086,4.241393481341516,-1.7379546528105791,-1.8099763816721781,-1.4638781294284389,-3.902947567312233,-2.9804770902220135,-1.6284034010392023,-0.4969863013698621,1.0185592820028315,-1.2205101558809623,0.3854841757203644,-0.6747236655644766,3.386315540859707,0.635536136041571,-1.7318233349078902,2.72405290505432,0.6274350495984908,1.047850732168163,-1.4385073216816266,0.7277987718469543,2.4611336797354735,-1.6750873878129404,-1.530061407652335,NA,-2.9332404345772307,-1.431667453944259,-1.7785073216816265,1.675951818611244
1974,4.197784600850261,2.061582427964101,3.3564194615021226,-1.833585262163437,2.0944307982994825,-3.3850543221539944,-2.494846480869154,-3.7129995276334435,2.5522390174775627,2.430632971185643,1.9121350968351472,-0.8216674539442597,2.040477090222014,2.8312895606991013,2.0130845536136057,-1.9975578649031638,-1.8219792158715187,0.2872980632971185,4.743623051487955,1.3456400566839903,-1.0465895134624503,-0.1847236655644764,NA,-3.6484222957014634,-2.259163911195083,-1.8968493150684953,-1.3634293811998095,0.6084034010392063,2.915762871988667,2.8242938119981087,-1.1049834671705234,-0.39287671232876953,-1.7567453944260745,3.9383372697213055,1.7053991497401988,4.493467170524326,-0.015172413793102635,-1.4849834671705242,2.8607368918280613,6.356197449220595,1.3281105337742112,-1.4696126594237118,5.037992442135094,0.5260888049126127,3.120840812470476,-2.5468682097307527,0.8966934341048667,0.9894567784600845,4.67678318375059,-2.971081719414266,0.6584034010392052,4.223363249881908,5.942725555030702,2.5462116202172904,4.624071799716576,6.081672177609825,2.6112376003778905
1975,-2.150821917808223,-1.8590599905526677,-3.1244496929617407,-1.8997165800661318,-3.9802031176192703,-5.6524137931034515,-5.215677846008502,-5.564676428908832,2.0326358053849827,-0.9893008974964559,-2.291927255550309,0.7654841757203634,-7.038408124704771,-1.5617194142654718,-1.5580066131317896,-1.0528247520075595,-1.3496126594237126,-3.7183703353802535,-0.29180444024562924,-2.782843646669816,-3.143897024090694,-1.573481341521017,NA,-6.539305621162023,-5.20673122342938,-1.7740340103920644,-2.449872461029761,-1.9990599905526665,-2.3180585734530013,-5.102017005196032,-4.50602267359471,-2.0367123287671234,-2.6920311761927254,0.17829948039678456,-1.8940340103920636,-1.8173500236183262,-2.2730845536136037,-3.8373689182805855,-2.477005196032122,-3.2328436466698154,-2.224085970713274,-3.529130845536133,0.27653755314123885,-2.544293811998111,1.0896646197449247,-2.480736891828058,-4.743363249881909,-0.6732735002361814,-2.6165564478034957,-5.899754369390648,-0.5886443079829977,1.4741898913556941,-1.360061407652335,-2.253032593292394,-4.228077468115257,-1.2589041095890412,-1.9612706660368442
1976,3.696327491991708,NA,NA,5.728151498021479,2.922104767288488,4.255255323158092,4.173188241944603,6.623361597889582,2.743431317128323,0.3601187111362343,1.1149971735443742,1.725575654795552,-0.7069926512153764,4.811124929338609,2.159543998492559,2.418140192198983,2.49929715470134,1.1518579234972677,7.923450160165821,3.3218616921047683,3.5632692670058415,2.8970680233653656,NA,12.999169022046354,5.510052760504998,1.339790842283774,4.510461654418693,2.96161484831355,4.923604673073301,NA,-1.2336065573770512,0.27094026757113276,-1.3663331449029563,-0.8969926512153759,5.817491991709064,2.7189692858488765,8.897584322592806,6.3193122291313255,1.806817410966648,3.1639287733182577,8.38031091011871,7.3632805728283355,6.362451479178443,-1.09575466365178,9.56552100998681,5.801371773129826,1.6674769172790675,8.411961560203508,5.907904654230265,4.103188241944602,14.176114565667984,4.503685698134541,4.654842660636893,1.144418692293197,0.14515922366685707,3.7286414169964175,2.8202920670812173
1977,2.563396315540862,-0.17743504959848622,-2.7182144544166285,-1.2478507321681604,-0.8814785073216802,-2.657609825224374,-2.1358478979688265,-0.07577704298535615,0.5399574870099197,-0.21461974492205727,-3.869631554085969,-4.0715493623051495,-3.4106329711856374,NA,NA,4.719494567784604,3.3835002361832807,0.8541379310344812,0.2277987718469543,-0.9406140765233815,2.1843977326405284,-1.6868493150684944,1.4079546528105809,1.9443977326405282,-0.539749645725081,3.0724468587624045,0.5921681624940902,-2.3486112423240453,-1.1276948512045362,1.2371421823334892,-0.28306565895134383,-0.5156920170052004,-0.26406707605101154,-3.5156069910250336,2.612342938119985,0.6672980632971175,-2.1219272555503093,-2.7792678318375073,2.2938970240906933,-5.878096362777514,-2.3091119508738753,-5.456386395843173,-1.9341379310344813,-3.659078885214928,0.16382616910722803,-3.831705243268776,-4.318233349078883,-2.2793197921587165,-2.049716580066132,-0.7793008974964568,-2.563136513934812,-5.450703826169106,-5.375177137458667,-2.139664619744922,-1.3088521492678318,0.12985356636750112,NA
1978,3.999390647142185,3.318077468115252,2.855710911667453,2.937316957959375,5.438786017949933,4.201152574397732,3.258578176665093,NA,0.20930089749645653,3.7532593292394907,3.697680680207842,-2.5316343882853083,NA,3.246972130373166,2.5610297590930564,4.001497401983942,6.59559282002833,2.384605573925368,1.4653991497401986,5.256835144071799,3.733760037789324,-2.1308738781294316,5.309702409069443,12.31756731223429,1.1229806329711867,3.5731554085970707,2.8595276334435518,3.414260746339158,-0.06959376476145174,1.2371421823334892,2.437765706188001,3.4521870571563564,0.6334293811998091,-2.3252432687765694,2.111634388285312,6.826957959376481,4.500651865847901,4.041705243268776,4.665177137458667,3.9565753424657526,11.691832782239016,4.614468587623996,5.93548889938592,5.741015588096365,8.354662257912135,9.262295701464332,0.6321681624940911,4.4188379782711404,1.426901275389703,4.350599905526691,9.142106754841755,-1.1616154936230494,3.9209966934341036,1.6203731695795902,3.0652621634388293,7.5460085025980135,11.406702881435985
1979,-2.689319792158715,0.578351440717995,0.9756920170052013,-2.135899858290033,0.9324090694378846,-0.2674350495984861,-3.231738308927726,4.109390647142185,-1.9541379310344809,1.911029759093056,0.06990552668871253,-3.2874208786017967,0.41553613604157214,-0.8153802550779403,4.658337269721304,0.16588096362777627,-1.2551393481341524,-2.754742560226733,0.36006140765233674,-0.3265375531412378,-0.3852763344355239,-2.6599244213509703,-3.1834482758620695,-6.945540859707133,-0.9459848842701923,-1.2260888049126137,2.3399244213509682,1.1469012753897037,-0.09793575814832067,0.4530136986301372,3.5525507794048217,0.6746717052432682,-4.581497401983939,-5.036627302786961,-1.176036844591403,3.813259329239491,0.24935285781766936,-0.14346244685876108,-2.3069532357109104,-0.738748228625413,-3.301081719414266,-1.4885073216816256,3.176868209730751,0.3465895134624528,3.7065753424657526,2.3846386395843187,-1.5123760037789324,0.8666414737836554,3.1085262163438863,1.7998205007085488,5.6843835616438305,9.372158715162966,-1.8702172886159616,1.7998724610297607,0.10824752007557592,-0.08743504959848636,6.399617383089273
1980,0.9358224985867754,5.164927454305634,7.134603354060671,NA,6.850878085547389,0.8446655360844169,4.39930469191634,8.696095722630494,2.357149048426608,5.033192010552101,3.809551535707559,-1.468319201055209,15.42264744676842,5.498895798002639,2.8002072734124734,3.3885566233276823,3.205911060863011,0.5017731298285302,0.6783022423214629,4.009632560768798,0.09615036743923255,2.972440173355949,4.127650273224045,NA,0.04557188618805519,2.42326549839834,5.0945958168456755,3.479798379498776,6.977495760316566,1.2928452986621455,3.5902110420199715,3.7474806858865684,5.633855285472023,2.7208705483323925,5.657326172979081,6.138980591671379,8.153284341435839,2.682605992085925,9.419404560015074,9.81552100998681,1.8511984171848486,7.024105897870735,11.996519690974182,7.5437780290182825,2.8762426983229723,1.9668136423591474,2.0537591859807804,7.149478047861315,9.403288110043338,0.513589598643307,4.434264179385716,2.7418616921047683,NA,7.20245524778594,6.834437535330689,7.327661579046545,7.088240060297727
1981,-2.3870051960321206,2.3922390174775625,2.4589230042512966,4.439442607463395,1.2914076523382185,0.33719414265469894,0.9061927255550319,5.734331601322625,0.8044827586206917,1.8921350968351458,-2.603689182805857,-1.9553471894189896,NA,1.0457439773264063,5.168493150684933,-0.8922201228153028,-0.8772461029759082,-3.217661785545583,-2.8425838450637695,-0.46824752007557713,-2.123585262163438,16.773235710911667,0.24593292394898825,-2.174638639584318,-2.807109116674539,1.0885073216816235,2.7272649976381658,0.2777468115257484,4.8713604156825685,-1.0113226263580515,0.10427491733585192,2.0161927255550314,NA,1.8882664147378385,NA,3.558181388757676,3.0929995276334488,1.0091119508738746,2.8135002361832804,1.9537411431270684,1.8099244213509689,1.4874019839395345,NA,6.307855455833737,-0.09125177137458529,-0.7707699574870084,0.5188001889466207,3.0773169579593738,5.007439773264055,-0.23135569201700257,NA,NA,-1.8418752952290998,2.725710911667454,3.046367501180919,-3.8380255077940495,0.8823760037789352
1982,NA,-6.034780349551253,-5.486282475200756,-0.7849315068493148,-1.4955550307038274,-4.981653282947568,-0.4447756258856863,-3.4012376003778915,-4.070340103920643,-3.880184222957017,-4.011341521020311,-5.498096362777515,-1.4266934341048643,-5.416230514879545,-5.7526216343882854,-2.517161076995748,-0.1875909305621164,-1.1486962683042066,-2.162376003778933,-1.0067453944260745,-0.6120122815304683,NA,-1.624638639584317,-7.758011336797356,-5.3956778460085015,-0.9993528578176658,-2.0908738781294325,-4.389234766178554,-2.5636891828058577,-3.146419461502126,-2.814950401511572,-3.860047236655644,-5.535677846008502,-3.269976381672177,-5.1439159187529535,-4.07526216343883,-5.806386395843172,-2.8926358053849786,-7.200670760510157,-4.262602739726027,-4.406419461502126,-3.992050070854984,-4.277076051015589,-2.194742560226734,-5.636835144071799,-3.897836561171469,-4.611100614076522,0.5643268776570611,-7.207959376476147,NA,-10.48,-5.242862541332075,-3.3628956069910254,-6.277595654227681,-2.0740859707132735,-7.437458667926313,-3.1138450637694852
1983,-4.078077468115256,-2.662083136513938,-0.48864430798299807,2.0965044874822887,-4.235281058101086,1.1685592820028319,NA,NA,-1.5006660368445939,-5.202810581010865,-2.414742560226733,-2.257661785545584,NA,-1.6184034010392025,-3.05068493150685,-1.5251913084553603,-1.2267973547472852,-2.584690599905528,-2.9748464808691546,-2.3860557392536608,-1.8874019839395366,-7.506405290505431,-7.189116674539443,-8.022536608408124,0.09322153991497295,-0.5364336324988184,-0.26753897024090634,0.854034010392068,-3.4800803023145956,-3.1936561171469044,-3.4951582427964105,-2.3484742560226737,-3.1360557392536608,-0.3224090694378834,-0.7036702881436003,-1.996849315068495,-2.698214454416627,0.3289041095890415,-5.802465753424662,-2.0897165800661313,0.15664147378365634,-1.6491119508738752,-4.711653282947569,0.4599574870099197,-5.7218611242324044,-3.1231554085970705,-6.443882853094,1.650769957487011,3.6942607463391575,-0.5714596126594245,-7.296249409541805,-6.801672177609825,-0.6704062352385449,-5.181705243268776,-2.7826358053849773,NA,-3.3311336797354727
1984,3.7151705294893578,5.447573016770303,6.965016016581869,-0.3958356887130208,3.6664047484454514,2.3144224609006976,3.8528566044846446,8.130804597701148,4.3074034294328225,1.5849161484831331,0.36127567363858937,1.4146655360844171,NA,7.317248916525337,-2.899811569625024,3.7371528170341044,2.7913642359148287,1.293180704729604,-2.3460052760504997,1.861526286037309,1.6507009609949126,-3.632044469568495,NA,-5.108990013190126,1.5341718485019804,5.0424477105709435,2.324669304691918,0.41780478613152283,-2.6324533634821945,0.34127190503108906,0.79201997361975,0.6666440550216723,8.714691916336914,7.120719804032406,7.598159035236483,1.3999566610137553,1.1059883173167542,-0.954100244959486,2.5134313171283225,NA,1.3707009609949132,-1.6154267947993208,-4.255600150744302,2.5597946108912755,-2.7578255134727705,-3.5730393819483695,-1.1778217448652715,0.1021820237422304,5.45567175428679,-2.63319766346335,-3.875515357075563,-5.0120482381759945,-1.6952609760693402,2.925085735820616,0.20168833615978876,-0.03996608253250322,3.7718654607122684
1985,4.367836561171469,-0.2813556920170033,NA,-2.296504487482287,0.5734104865375507,3.7665753424657513,7.122536608408122,NA,0.24709022201228414,3.9422059518186128,2.195555030703826,2.1920311761927245,-0.037935758148320176,3.5020500708549864,-3.126263580538498,1.838058573452999,2.7788710439300885,3.6222059518186143,-0.5090930562116203,3.1311856400566853,4.2439159187529505,NA,2.2015304676428915,-2.174638639584318,2.9746575342465764,1.7876098252243757,2.972895606991024,-1.630614076523381,-3.6690269248937195,0.06567312234293965,1.2946386395843188,-2.1973169579593748,1.8804770902220138,5.468804912612191,0.4489041095890425,-2.837661785545584,-1.1866414737836557,1.3586632026452516,-1.8156920170051993,-4.602706660368445,-2.4791639111950836,-2.7072130373169587,-4.069234766178555,-2.7521350968351452,-5.65572980632971,-4.681965044874823,-5.792017005196032,-1.8447425602267344,0.0948275862068968,0.19377420878601903,-2.2419272555503102,-7.557458667926312,-5.970358998582898,-1.6861927255550277,0.1176948512045346,-0.3708549834671704,NA
1986,3.6403920642418512,0.8995606991025031,-2.0474539442607433,-5.140151157298062,-1.146003778932453,2.4156069910250384,3.3436041568256982,-5.13954652810581,-0.6787482286254143,1.6465044874822876,1.4208738781294308,-0.9539300897496457,3.70320736891828,1.4141898913556936,-2.4366084081247044,0.6760368445914047,0.9555361360415713,-2.5280066131317884,-2.162376003778933,-0.10924893717524853,-0.6970382616910733,3.7264714218233355,NA,NA,0.6033774208786014,-1.8968493150684953,-0.08803967879074115,-4.2947614548889925,5.6554888993859205,NA,-0.056329711856399456,-0.4684553613604159,-0.7364336324988177,1.6426358053849839,1.025191308455362,-2.8660037789324537,-2.754898441190364,-2.325795937647616,-4.375918752952294,-4.649943316013227,-5.143311289560699,-4.823415210203119,-2.170321209258386,-2.497057156353331,-7.138960793575814,-3.680547945205478,-7.662588568729333,-3.583051487954654,0.3593528578176688,-2.0641379310344803,-3.1772130373169594,-0.02793575814832039,-4.477680680207841,-0.25964572508266137,-1.8662446858762376,-0.909352857817666,-1.7061927255550273
1987,0.3432735002361813,-0.6970382616910733,0.2860368445914041,0.9817194142654699,0.10104393008975165,2.0188190836088786,2.039872461029761,0.3304581955597552,-1.7935333018422295,-2.0568493150684954,-0.733117619272555,NA,2.2955550307038255,-0.5508549834671701,-3.258526216343882,-0.41985356636750026,0.48316957959376516,NA,0.8324279641001446,1.581823334907888,-0.9237742087860177,NA,-2.3142938119981107,NA,-2.4481105337742086,1.627005196032119,0.5921681624940902,-1.6022720831365138,0.33664147378365605,1.6055880963627782,-1.9930325932923942,-1.4604251299008046,-2.0023760037789327,3.3998393953708117,1.8376617855455812,-1.0710108644307965,0.22101086443079865,2.492342938119984,0.6878507321681617,-3.119475673122343,0.46840340103920575,3.490236183278226,1.0795606991025029,0.7055880963627779,-5.34396787907416,-1.1297685403873405,-1.172272083136514,1.9625318847425604,-4.2698393953708065,2.45168634860652,-6.2287009919697685,2.456712328767125,1.53082191780822,-2.38529522909778,NA,-3.091686348606519,-3.746816249409542
1988,NA,NA,NA,NA,-3.8896532881100425,-2.1136913510457873,-5.267173544375352,-4.776676088185414,-4.096591294516675,-4.746344450725458,NA,NA,2.110041454682497,-4.2429545882796305,-2.7113811946485775,-3.2441925758432246,-6.0554418692293215,NA,NA,-5.364778594309401,-4.331963444507255,NA,-3.5791520633126055,-6.14535707556058,-4.071631807047293,NA,-3.3847710570944045,NA,-2.528816657245148,-2.5040267571132464,-6.622715281703409,-5.174697569248163,NA,NA,NA,NA,NA,NA,NA,NA,NA,NA,NA,NA,NA,-3.997007725645374,NA,NA,-7.197427925381572,-0.21186734501601556,-6.551226681741097,-2.147906538534011,-0.5835217637083083,NA,-6.24263048803467,NA,NA
1989,-2.141374586679264,-2.7848984411903652,-3.5117902692489373,-1.4084553613604154,-3.895177137458667,-0.5697496457250821,-3.637973547472839,-8.40832309872461,-4.060892772791689,-5.826334435521965,-5.097784600850259,-3.344104865375532,0.4344307982994824,-4.112498819083611,-3.5041568256967413,-3.310736891828058,-0.6032735002361811,-1.413221539914975,-1.236537553141238,-2.9340009447331115,-0.4136183278223893,NA,-3.400736891828058,-4.328630136986301,-3.3267123287671225,-6.034780349551253,-3.9708927727916894,-0.9031695795937651,-1.921270666036845,-1.672635805384978,-1.1900094473311267,-4.672517713745867,-6.877198866320265,-3.88405290505432,-3.0277137458667918,-7.381828058573452,-6.864487482286253,-0.20014643363249895,-4.054709494567785,-5.878096362777514,-1.8367453944260745,-0.9122201228153024,-3.7952621634388306,0.09151157298063417,-8.215956542276807,-1.847765706188003,-8.257770429853565,-6.001568256967406,2.1732404345772327,-2.035795937647615,-8.108719886632027,-5.753018422295704,-5.6680444024563075,-8.450481813887578,-6.438752952290976,-6.492725555030704,-5.910255077940482
1990,-6.4210155880963615,-1.0843788379782708,-3.9369201700519607,-6.424988190836089,-5.624038734057628,-1.7223240434577232,-5.48020311761927,NA,-5.695281058101087,-2.7842938119981113,-4.559286726499763,-4.024312706660368,-2.4375578649031633,-5.028889938592349,0.5770902220122842,-5.020703826169107,-0.6221681624940931,NA,-1.77503542749173,-6.268908833254605,-3.0494237128011346,0.9017194142654699,-5.129598488427019,-4.8954700047236654,-3.3361596598960785,-7.801431270666038,-2.4782144544166282,-3.680684931506849,-2.3464005668398666,-0.6334293811998091,0.274326877657062,-1.0447425602267337,-6.036386395843174,-5.178337269721301,-5.9752810581010865,-5.520703826169107,-5.419045819555973,-4.989943316013228,-7.1912234293812,-7.427458667926311,-6.210859707132734,-6.608960793575815,-7.290774681152575,-5.813070382616911,NA,-7.223297118564006,-8.097165800661314,-6.011015588096363,-7.000118091639112,7.165904581955594,-8.382692489371752,-6.414331601322624,NA,-6.9861454888993855,-5.767992442135097,-5.359045819555974,-3.2933443552196486
1991,4.424520547945207,3.108622589531681,3.318630136986302,1.1637362637362685,6.2984931506849335,NA,4.524520547945206,NA,2.6820879120879173,1.2477528089887642,-0.06168044077134738,-0.32095890410958994,NA,5.6843835616438305,5.716438356164385,0.4209589041095896,2.9867123287671244,0.42476584022038466,4.9093406593406606,1.3928767123287695,10.15794520547945,10.641917808219183,0.6049315068493168,8.822054794520549,3.2486301369863035,-2.170821917808224,4.106575342465751,1.2508219178082207,4.578493150684933,2.9526373626373665,6.278925619834716,NA,-0.1504395604395583,3.9005479452054796,4.050439560439564,1.0168493150684963,0.5989041095890428,1.4579120879120868,0.3134806629834248,6.654444444444447,-1.0546153846153796,5.606438356164386,1.5708219178082192,9.69,-2.594794520547943,2.0728767123287692,NA,0.9989041095890414,1.804794520547949,9.11205479452055,-2.534794520547944,-0.8309589041095897,9.476027397260271,-2.498950276243093,NA,1.2068493150684958,-3.1327397260273964
1992,-2.719726775956283,-4.346043956043957,-2.4347945205479444,-4.635519125683062,-2.7260439560439558,NA,-1.8000546448087409,-5.341967213114754,-2.537692307692308,-3.387465564738294,-4.2286301369862995,-0.6203825136612018,-0.5939344262295077,-2.2832786885245913,NA,2.578306010928964,-4.684520547945205,-3.963922651933701,-5.486842105263158,-5.741639344262294,-0.2807103825136572,0.7489617486338762,-4.888743169398908,-7.078087431693989,-5.805191256830601,-2.170821917808224,-4.386575342465754,-3.4261748633879776,-2.566502732240438,NA,NA,-0.1436065573770513,-0.7269863013698625,-2.94876712328767,-2.268241758241759,-4.205846994535519,-5.1402197802197795,-3.799398907103823,-4.9503581267217625,-7.830983606557377,-7.930273972602739,0.40095890410959,-4.199071038251368,2.0187671232876685,-6.441639344262294,-0.1436065573770513,-5.181967213114754,-0.12393442622950879,-3.1461748633879782,-8.154207650273223,-0.09748633879781465,-2.7697267759562836,NA,-6.948356164383561,-6.124395604395603,-0.46393442622950865,-4.245846994535518
1993,-1.876849315068494,-2.9724175824175836,-1.5402209944751402,-0.7849315068493148,-0.5508219178082232,-0.06904109589041063,0.9628767123287698,-0.12301369863013534,-1.4387912087912103,-2.0568493150684954,-1.7387912087912092,2.6927397260274013,1.0768493150684968,-1.1649315068493156,NA,2.6127397260274012,-3.3146575342465745,-4.020684931506849,-4.174657534246574,-2.442739726027397,-0.2530136986301361,NA,-4.600547945205478,NA,-4.1486301369862995,-4.362602739726029,-2.4687671232876713,-2.036849315068494,-1.1749315068493154,1.8228767123287692,NA,NA,-1.2236088154269993,0.39928374655647403,-3.6606849315068493,-4.736575342465754,-3.748429752066115,-2.4108219178082244,-4.706575342465754,-2.0482417582417582,-0.25904109589041013,-0.6949315068493149,-2.812739726027398,-1.244065934065933,-6.156438356164383,-2.8586301369863003,-3.7986301369863,-5.302465753424662,1.53082191780822,-3.4906849315068493,-5.8224657534246615,-3.022739726027397,-3.674657534246574,-4.482602739726028,-0.6569863013698622,-4.272602739726029,-1.388725761772852
1994,-4.016408839779005,-4.636575342465754,-5.160219780219781,-5.113850415512463,-2.4686301369862997,-4.726575342465754,-3.420684931506849,-2.3147945205479434,-3.618429752066116,-4.522602739726029,-4.776575342465753,-5.526438356164384,-1.9368493150684944,-3.3567123287671237,-1.954794520547944,-1.496849315068495,-3.04068493150685,-4.020684931506849,-4.9965753424657535,-4.086575342465753,0.020958904109589227,-1.2663509749303579,-1.3965266106442584,NA,-4.970547945205477,-5.458493150684932,-6.0304109589041115,-5.266842105263158,-3.914657534246574,NA,1.2568493150684965,3.990684931506852,-5.658493150684931,-2.674794520547943,-5.030547945205478,-6.380410958904111,-5.976438356164383,-5.698493150684932,-8.262197802197804,-8.098219178082191,-3.801868131868132,-4.515494505494505,-8.821111111111112,-5.639670329670329,-9.99054945054945,-7.242191780821918,-8.995027624309392,-8.864109589041098,-4.770547945205478,NA,-8.288219178082192,-5.214520547945204,-2.0308219178082236,-5.852465753424661,-4.7348760330578505,-6.190410958904112,-6.683846153846153
1995,-0.780958904109589,0.020958904109589227,0.30493150684931614,0.5849315068493173,-0.9705571030640661,-1.7128767123287698,-2.050821917808223,-2.5887671232876706,-1.9655371900826442,0.1349315068493162,-3.680684931506849,-2.512739726027397,4.9124657534246605,1.5747945205479486,NA,-0.9489041095890407,-3.3146575342465745,-4.842602739726027,-6.914383561643836,-4.360547945205478,-1.0749315068493157,5.479340659340661,-1.2402209944751394,-5.150547945205479,-1.4089041095890398,-3.54068493150685,NA,1.7987671232876696,-2.270821917808224,NA,3.9965753424657517,7.552328767123285,-3.7406849315068493,-1.030958904109589,-3.07198347107438,-0.32516483516483774,-3.217142857142858,-0.219041095890411,-3.6106849315068503,-1.498791208791209,4.67246575342466,1.7708219178082203,-3.3606849315068503,0.3749315068493164,-5.030358126721761,2.0728767123287692,-3.250684931506849,-1.9929670329670355,NA,-2.3947945205479435,2.122739726027401,1.908767123287669,NA,-4.756575342465753,-2.5747945205479432,-6.453846153846154,-5.0051381215469615
1996,0.832185792349728,0.5990109890109885,1.1902479338843008,-1.0836065573770508,4.142087912087918,-0.6439344262295084,-0.9803825136612012,1.215409836065577,NA,-2.6047945205479444,1.2508219178082207,-0.8936065573770513,1.3186338797814212,-2.0100546448087417,NA,3.3979781420765,-0.6003825136612022,-0.7330136986301348,0.7568493150684965,0.2692896174863435,5.730218579234972,NA,NA,1.6650819672131139,-1.7068306010928946,-0.2530136986301361,-1.9208219178082242,3.950874316939892,-2.293278688524591,6.710218579234972,9.69535519125683,10.238907103825131,0.6428767123287695,-0.7569863013698619,0.7228767123287696,-2.566502732240438,-3.529398907103822,3.068630136986302,-1.443606557377052,-0.9749315068493143,7.686164383561641,0.6457377049180337,-2.8329508196721305,1.9850819672131141,-5.895191256830601,3.408306010928964,-3.5426229508196716,0.1492896174863425,NA,-2.4165027322404375,-2.0100546448087417,-1.403606557377051,-3.692622950819672,NA,-0.10904109589040978,-0.46393442622950865,-3.4067123287671226
1997,-4.190224719101122,-6.554383561643837,-4.870358126721762,-1.6068493150684944,-1.6467123287671228,-4.452602739726029,-4.516575342465753,-5.328493150684931,NA,-5.892465753424662,-6.42041095890411,-4.9784931506849315,-2.2108219178082233,-5.274520547945205,-3.8726027397260285,-3.6886301369863004,-5.7804109589041115,-6.21246575342466,-6.366438356164384,-5.182465753424661,-2.170821917808224,-3.196759776536311,-3.7786301369863002,-4.602602739726029,-5.79246575342466,-5.732465753424662,NA,-0.11904109589040957,-5.832465753424661,-3.3826027397260283,-1.7568493150684947,-0.39287671232876953,-3.7406849315068493,-5.140547945205477,-5.578493150684931,-6.888891966759003,-7.3463013698630135,-1.8628767123287702,-5.5013223140495855,-7.550273972602739,4.946438356164386,-0.14698630136986246,-6.922328767123288,-4.008630136986301,-9.444109589041096,-1.7627397260273971,-5.704395604395603,0.7249315068493161,NA,-6.504383561643836,-6.370410958904111,-6.8583561643835615,-0.3869863013698627,NA,-5.588493150684931,NA,-7.5163013698630134
1998,-1.6028767123287686,-2.9519834710743806,-1.564573002754818,-1.0589041095890401,1.1747513812154668,0.47890410958904184,-3.420684931506849,0.6989041095890425,NA,-4.7807692307692315,NA,-2.512739726027397,1.6247945205479493,-1.7128767123287698,0.5109589041095894,-3.9626027397260284,-5.232465753424662,-6.486438356164383,NA,-4.908493150684931,0.020958904109589227,NA,-2.682739726027397,-6.794383561643837,NA,-1.0749315068493157,-2.447692307692308,3.9905479452054795,-2.270821917808224,3.2273626373626367,4.270547945205479,5.908493150684933,-0.4251648351648374,-0.48301369863013477,-0.9209589041095896,-5.5584931506849315,-2.68876712328767,1.1831868131868148,-3.062739726027398,-2.892739726027396,4.124520547945206,NA,-1.9908219178082245,0.9537362637362676,-5.060547945205477,0.15506849315068472,-4.605494505494505,1.3037362637362673,NA,NA,-1.1649315068493156,-4.1186301369863,-1.2089041095890405,NA,NA,-3.8393258426966295,-5.8724657534246605
1999,NA,-3.267492877492879,NA,NA,-1.0351933701657456,-0.8909589041095902,-2.5987671232876703,NA,NA,NA,NA,-0.046986301369862815,2.994657534246576,-1.7128767123287698,-1.954794520547944,-3.9460439560439564,-3.2965934065934066,NA,NA,-5.395555555555554,-0.8009589041095904,NA,-1.8608219178082237,-6.794383561643837,NA,NA,NA,NA,0.1949315068493167,2.0968493150684964,NA,6.456438356164385,NA,NA,NA,NA,-5.598095238095238,NA,NA,NA,NA,NA,NA,NA,NA,-2.823911845730027,NA,NA,-5.866438356164384,NA,NA,-3.5706849315068494,-0.9349315068493151,NA,NA,NA,NA
2000,NA,NA,NA,-5.8507082152974474,-2.9366666666666656,-7.474535519125683,-6.9913114754098356,-7.800983606557377,NA,NA,NA,-3.0793989071038226,-4.1458469945355185,NA,-4.435519125683062,-1.5200546448087415,-4.395494505494506,NA,NA,-6.288087431693988,-4.379071038251368,NA,-2.408767123287671,-7.624535519125684,-6.624863387978142,NA,NA,-5.754719101123595,-6.9380874316939884,-1.7597267759562838,-1.7800546448087413,0.9492896174863432,-1.3463025210084023,NA,NA,NA,-6.086495726495727,-7.287381615598887,NA,NA,NA,NA,-5.110849858356942,-4.692022471910115,-8.305363128491619,-3.968743169398908,NA,-4.326197183098593,-6.1516393442622945,-6.788087431693988,-8.84065573770492,-7.414535519125683,-1.7800546448087413,-5.591967213114754,-5.797777777777777,NA,NA
2001,-0.9777348066298348,NA,NA,-3.39608938547486,-3.641794871794872,-4.178630136986301,-4.516575342465753,NA,NA,-6.154395604395604,NA,-3.334657534246574,0.2549315068493172,NA,0.7849315068493166,-1.725537190082644,-3.5886301369863007,-7.856301369863013,-5.270547945205478,-3.812602739726028,-2.170821917808224,NA,-5.3968044077135,-3.7806849315068503,-0.8609589041095891,-3.5029476584022055,-3.5465934065934066,-2.013516483516481,-1.996849315068495,0.17904109589041006,3.1746575342465757,4.812602739726032,-4.836575342465753,-1.3049315068493144,-2.8387671232876706,-6.6438461538461535,NA,-3.7429476584022057,NA,-5.0268421052631576,-2.935193370165746,-0.9689041095890403,-4.408895027624311,-2.6387671232876713,-6.43041095890411,-2.8586301369863003,NA,-6.113846153846154,-3.674657534246574,-4.586575342465753,-1.7128767123287698,-4.940547945205478,-5.592465753424661,NA,NA,-6.453846153846154,-7.5163013698630134
2002,-4.342602739726027,NA,NA,-2.6824175824175827,-1.7277464788732386,NA,-4.516575342465753,NA,-4.674444444444447,-1.2093406593406577,-5.820858725761771,-4.69021978021978,-3.580684931506849,-1.5414525139664832,-3.8726027397260285,-1.7708219178082238,-3.8626027397260287,NA,-6.914383561643836,-5.730410958904111,-3.8146575342465745,NA,-3.486593406593406,-2.4108219178082244,-0.039041095890409494,1.116849315068496,-2.7427397260273976,-2.310821917808223,-1.4489041095890407,NA,-1.4828767123287694,-1.2147945205479438,-3.192739726027397,-4.248808864265925,-4.191318681318682,-4.720769230769231,-3.7118005540166186,-2.38824175824176,-1.6928767123287702,-0.9493406593406561,-4.626043956043956,NA,-2.9877777777777794,-1.5428767123287699,-6.156438356164383,-2.584657534246574,-4.620547945205478,-5.55228650137741,-5.866438356164384,NA,-4.726575342465754,NA,-6.140410958904111,-6.918839779005525,-7.506301369863014,-5.843175487465182,-4.76076923076923
2003,-2.1282417582417583,NA,NA,0.8890109890109894,1.0930136986301378,-1.9868493150684952,-3.420684931506849,-3.9586301369863,-3.6365934065934065,2.362087912087917,NA,-4.156575342465754,NA,2.9815384615384612,0.2369863013698641,-2.8667123287671235,-4.380358126721762,-5.32983379501385,-5.53021978021978,-5.456438356164384,-1.8968493150684953,NA,-2.682739726027397,-2.9587671232876716,0.7828767123287701,NA,-0.7993406593406576,2.4176584022038554,4.85246575342466,1.8228767123287692,1.53082191780822,NA,-3.996593406593406,-1.9121348314606763,-3.6039226519337015,-6.908732782369146,-4.55889502762431,-1.7657340720221608,-4.416043956043957,-6.4438461538461524,0.044285714285713595,-0.6693406593406568,1.3068539325842696,1.777912087912087,5.205856353591159,4.576263736263735,3.7121546961326004,1.5784615384615375,-5.044520547945204,-0.47698630136986253,1.5747945205479486,3.278630136986303,7.284246575342461,-3.3671428571428583,-3.908429752066115,-6.708839779005526,-5.295840220385673
2004,0.012513661202186555,-0.8009589041095904,-3.0029508196721304,-1.356830601092895,-0.5732786885245904,NA,-1.7768493150684943,-5.888415300546448,-2.558767123287671,1.4718579234972662,-1.5136065573770505,-0.34715846994535404,NA,4.588493150684933,NA,-1.5200546448087415,-0.8736065573770517,-4.020684931506849,-3.3729508196721296,-6.288087431693988,-0.5539344262295085,0.7489617486338762,-2.1129670329670347,-4.892295081967214,-4.165846994535518,-0.5539344262295085,-2.76295081967213,-2.584794520547943,2.078306010928964,6.754383561643831,8.602459016393443,6.960218579234972,-6.218415300546448,2.221530054644811,-4.225846994535519,-3.8965934065934063,-5.964395604395603,-4.072622950819673,-5.268743169398909,-5.331322314049584,-0.44900552486187983,-4.272295081967213,0.44573770491803266,-0.20071038251365714,1.7550819672131155,-1.7829508196721298,2.195081967213115,-3.1293989071038233,-3.5460893854748603,-0.7771584699453538,2.6347540983606557,-2.2232786885245908,4.504098360655735,-4.756575342465753,-3.416174863387978,-6.474863387978143,-1.7145730027548165
2005,5.564065934065935,6.368241758241755,5.8287912087912,-0.20989010989010737,1.6409589041095902,-0.6169863013698631,1.236849315068497,1.5208219178082203,1.276849315068496,2.087362637362636,-0.6398901098901071,1.3228767123287692,NA,5.818342541436458,NA,-0.1269863013698629,0.7949315068493163,-2.078791208791209,-0.5851648351648375,-3.264657534246574,2.4867123287671244,NA,0.0848351648351624,0.6959668508287322,1.8787671232876697,0.04956043956044098,0.8490109890109885,1.2831868131868163,10.05794520547945,NA,NA,8.648219178082186,-3.4471428571428584,4.48989010989011,0.20428571428571374,0.7737362637362679,-2.1182417582417585,3.1062637362637346,-1.644573002754818,-0.9236088154269986,1.6926373626373667,2.352637362637367,6.318925619834715,2.3273626373626364,9.240219780219778,2.3468493150684964,8.031868131868135,4.365068870523418,2.1126373626373667,5.276438356164386,13.355616438356162,8.210136986301366,NA,-1.9700550964187311,2.1173626373626373,-0.3826446280991753,-1.870782122905025
2006,-4.309393939393939,-3.266712328767124,-1.3140659340659333,-2.641436464088396,0.04542699724518329,-6.644383561643837,-1.7768493150684943,-2.0408219178082234,-5.5724657534246615,-1.4840659340659332,-1.9664640883977853,-4.704520547945204,NA,-0.36764044943820195,-4.146575342465754,-5.0584931506849315,-5.232465753424662,-7.856301369863013,-6.092465753424661,-4.360547945205478,-2.7843661971831004,-0.12413407821228795,-2.9371428571428586,-4.602602739726029,-4.970547945205477,-6.828356164383562,-4.920219780219781,-3.680684931506849,-2.818767123287671,6.188885793871865,NA,NA,-6.754383561643836,-6.499120879120879,-6.653250688705235,-6.334875346260389,-0.7446153846153791,-2.090055096418732,-5.671267605633803,-4.212651933701657,-2.658950276243093,-1.5168493150684945,-2.792417582417584,-1.5428767123287699,2.0627397260274023,-0.9408219178082238,0.09283746556473993,-2.562739726027398,-5.318493150684931,-4.586575342465753,-1.438904109589041,2.1827397260274015,2.3527397260274014,-6.928732782369146,-6.4104109589041105,-7.552747252747253,-6.42041095890411
2007,-4.309393939393939,-1.8735164835164824,-1.5887912087912106,-0.48461538461537934,-4.112465753424661,-2.808767123287671,-3.146712328767123,-4.506575342465753,-3.1067123287671237,-0.35716253443526114,-2.7951933701657454,-1.4168493150684949,NA,0.2049315068493165,NA,-5.044945054945055,-4.944945054945055,NA,-7.71969696969697,-7.077569060773481,-5.184520547945205,-2.7827397260273967,-5.696438356164384,-5.698493150684932,-1.6102209944751387,-4.895494505494506,-0.2498901098901083,-1.9900550964187307,-2.5010192837465564,NA,0.18956043956044155,NA,-6.182286501377409,-3.2024175824175822,-4.191318681318682,-3.3471428571428588,-3.217142857142858,-1.5640659340659333,-2.9181005586592175,-2.3010192837465553,-4.0584297520661154,-4.360282485875706,-0.26524861878453443,0.12956043956044105,-1.1993406593406561,-3.1160439560439563,0.6142857142857139,-4.190769230769232,NA,-1.8468493150684946,0.47890410958904184,0.264931506849317,0.9828767123287694,-7.471325966850829,-4.7348760330578505,-4.272602739726029,-3.1327397260273964
2008,-2.17327868852459,-3.01295081967213,-4.078630136986301,-3.250684931506849,-4.671639344262294,NA,NA,-8.347431693989071,-5.858415300546449,0.3789617486338752,-2.5410192837465555,-1.4400546448087415,-0.7347091412742355,-0.6439344262295084,NA,-3.414657534246574,-3.04068493150685,-4.276593406593405,-7.198087431693988,-6.561311475409836,-5.4719672131147545,-4.715519125683062,-5.696438356164384,-4.2588088642659265,-4.165846994535518,-3.01295081967213,-1.1236065573770517,-3.1327397260273964,-2.270821917808224,NA,5.870218579234972,3.954754098360656,-5.932465753424661,-5.428743169398907,-5.318743169398908,-6.106438356164384,-6.261639344262294,-3.526174863387979,-7.9942465753424665,-6.169120879120879,-1.6289041095890404,-3.7258469945355186,-3.106174863387979,-2.659726775956284,-0.977158469945353,-2.8413186813186826,-4.346575342465753,-4.495519125683063,-4.785519125683062,-4.329071038251367,-1.4636065573770516,-5.228743169398908,-1.2336065573770512,-8.050983606557377,-6.694863387978142,-7.2945355191256835,-6.968356164383561
2009,-2.150821917808223,-1.8968493150684953,-0.5169863013698635,-1.8808219178082233,-2.1946575342465735,NA,NA,-1.7668493150684945,-5.5724657534246615,2.726836158192091,-3.680684931506849,-3.8826027397260283,1.6486516853932596,-1.7128767123287698,NA,-1.7708219178082238,-0.5493406593406576,-2.924794520547943,-5.544520547945204,-6.004383561643836,-1.348904109589041,-0.5909589041095895,-5.148493150684931,-4.602602739726029,NA,-2.1482417582417597,-2.4687671232876713,-5.050547945205477,-1.6257340720221602,NA,6.462328767123285,NA,-4.836575342465753,-4.026593406593405,-3.386712328767123,-4.1886301369863,-5.1402197802197795,NA,-7.72027397260274,-3.4406849315068486,0.8368493150684966,-0.9689041095890403,-1.7168493150684956,-0.17301369863013605,6.446301369863011,-5.324383561643836,-0.23698630136986232,0.7249315068493161,-2.3047945205479436,-5.408493150684931,9.793972602739721,-3.022739726027397,2.900684931506852,-5.5649450549450545,-3.1227397260273966,-6.190410958904112,-6.42041095890411
2010,3.0546575342465765,2.4867123287671244,0.8528767123287686,-2.976712328767123,-0.20646408839778552,2.890473537604459,1.1506128133704738,5.904383561643831,-0.09301369863013598,9.17602739726027,-1.2149315068493145,3.7886301369863027,NA,6.7802739726027355,NA,2.886712328767125,3.534657534246575,0.9431868131868164,-2.8047945205479436,-3.246593406593406,5.500410958904114,7.628219178082187,-0.49095890410958987,0.5120612813370471,-0.2006925207756236,6.322328767123285,2.7367123287671244,-2.310821917808223,NA,NA,NA,11.113972602739722,-0.4530136986301354,3.6265753424657525,-1.194931506849315,-2.270821917808224,-4.880547945205477,NA,-6.624383561643837,-1.5228767123287685,-0.25904109589041013,-0.14698630136986246,0.20095890410958894,1.7447945205479485,4.528493150684934,-4.502465753424661,1.7457300275482144,-4.190769230769232,-0.9349315068493151,-2.3947945205479435,6.7802739726027355,-3.022739726027397,1.804794520547949,-4.2086301369863,-0.10904109589040978,-2.3547945205479444,-4.5026027397260275
2011,-6.5343835616438355,-4.992272727272729,-5.448493150684932,-3.7986301369863,-5.208356164383561,-4.452602739726029,-5.338493150684931,-1.7668493150684945,-5.559670329670329,-4.231318681318683,-6.683846153846153,-4.9784931506849315,NA,-2.534794520547944,NA,-5.880410958904111,-6.054383561643837,-4.826043956043955,-8.284246575342465,-7.3742465753424655,-4.9105479452054785,-5.248493150684931,-7.882197802197802,-4.876575342465754,-4.1486301369862995,-4.362602739726029,-2.194794520547944,-6.146438356164383,-2.522967032967035,NA,NA,-0.6435164835164819,-6.206438356164384,-7.880273972602739,-7.496301369863014,-6.380410958904111,-6.798356164383561,NA,-7.446301369863015,-3.714657534246573,-2.9987671232876707,-3.1606849315068493,-4.456575342465754,-2.090821917808224,2.610684931506853,-0.39287671232876953,1.6318435754189942,-3.1106849315068503,-5.044520547945204,-3.1971428571428584,1.8487671232876686,-6.310410958904111,-0.11301369863013555,-8.312197802197801,-7.780273972602739,-7.834246575342466,-6.146438356164383
2012,-1.0803825136612009,-1.8264640883977865,-1.910054644808742,-3.269398907103822,-2.158429752066115,-2.534794520547944,-1.502876712328769,-2.0632786885245906,-2.0332786885245913,1.1986338797814202,-2.013516483516481,-0.8936065573770513,-0.8671584699453536,-0.37071038251365707,0.8042253521126721,-1.5200546448087415,-1.4200546448087419,-0.48748633879781345,-4.739071038251367,-2.4629508196721295,-2.1482417582417597,-1.436830601092895,-2.1565027322404378,-4.34584699453552,-3.0527397260273963,-2.9927397260273976,-2.2165027322404383,-3.9726229508196713,-2.566502732240438,NA,NA,3.1995505617977535,-4.305846994535519,-2.42327868852459,-3.1329508196721294,-3.6593989071038227,-4.349071038251367,NA,-5.776804407713501,-5.3584931506849305,-0.5607103825136566,-5.091967213114754,-2.5597267759562845,-3.2061748633879787,0.9354098360655776,-0.1436065573770513,-1.0340659340659322,-4.222295081967214,-2.3265027322404377,-3.236174863387978,5.093770491803278,1.8750819672131147,-0.41393442622950793,-5.318743169398908,-4.782295081967213,-5.108743169398909,-5.611967213114753
2013,-3.5206849315068487,0.8428767123287688,0.030958904109589014,-6.264383561643836,-1.5677839335180055,-3.0827397260273974,-2.8727397260273966,-5.602465753424661,-4.444876033057851,0.43901098901098834,-1.7628767123287687,-0.8689041095890406,0.5892837465564735,0.2049315068493165,NA,-1.7708219178082238,1.616849315068496,0.9108219178082209,-1.9828767123287694,0.02301369863013747,1.9387671232876684,2.0422222222222217,-2.682739726027397,-5.6849450549450555,-3.3267123287671225,-3.8146575342465745,-3.29068493150685,-4.5026027397260275,NA,NA,7.805555555555554,NA,-5.384520547945204,-2.126849315068494,-5.578493150684931,-4.1886301369863,-4.606575342465753,NA,-6.350410958904112,-4.536575342465753,-4.9165753424657535,-6.174383561643836,-1.899750692520774,-4.282602739726029,5.076438356164386,-0.11890410958904063,5.602479338842977,-7.22027397260274,-2.008241758241759,-3.4906849315068493,2.122739726027401,12.319726027397257,-2.852739726027397,-5.551322314049584,-5.025494505494505,-5.368493150684932,-6.968356164383561
2014,-6.808356164383561,-4.088630136986301,-2.4347945205479444,-5.990410958904111,-5.4823287671232865,-5.809670329670329,-4.516575342465753,-7.497569060773481,-5.298493150684932,-6.42912087912088,-6.1343956043956025,-5.526438356164384,-2.971436464088396,-4.452602739726029,-4.282022471910115,-5.606438356164384,-4.958493150684932,-6.76041095890411,-6.914383561643836,-6.552328767123287,-7.35132596685083,-6.865082872928177,NA,-8.157472527472528,-5.2445205479452035,-6.554383561643837,-5.208493150684932,NA,-4.995494505494506,NA,1.0447658402203839,NA,-8.672191780821919,-7.058356164383561,-5.852465753424661,-5.5584931506849315,-7.072328767123286,NA,-5.802465753424662,-5.882286501377409,-7.1083561643835615,-4.804520547945204,-6.08912087912088,-6.200410958904111,-2.86876712328767,-5.324383561643836,-2.4287671232876704,-7.4942465753424665,NA,NA,-6.370410958904111,-7.954246575342466,NA,NA,-8.602191780821919,-7.56027397260274,-8.338219178082191
2015,-5.986438356164383,-4.362602739726029,-3.5306849315068503,-6.812328767123287,-7.126164383561644,-5.48,-5.573867403314918,-7.489916897506925,-6.394383561643837,-4.248630136986301,-5.050547945205477,-4.704520547945204,-3.0124175824175827,-1.9868493150684952,-3.2147632311977716,-5.606438356164384,-7.15027397260274,-1.9563509749303574,-8.284246575342465,-7.922191780821918,-6.2804109589041115,-4.700547945205478,NA,NA,-4.6488950276243095,-5.184520547945205,-3.29068493150685,-5.324520547945204,-4.446043956043956,-1.5226760563380282,0.30555555555555713,NA,-7.302328767123287,-7.058356164383561,-7.496301369863014,-8.003812154696133,-5.154520547945204,NA,-8.268219178082193,-7.8174725274725265,-7.930273972602739,-5.900410958904111,-2.792417582417584,-5.926438356164384,-2.86876712328767,1.5249315068493168,0.036986301369864805,-3.658630136986301,-6.953296703296703,-6.385197740112994,NA,NA,NA,-9.688082191780822,-6.4104109589041105,-8.38219178082192,-6.42041095890411
2016,-6.26041095890411,-2.9519834710743806,-4.352602739726029,-4.894520547945204,-5.4913114754098356,-5.783867403314919,-4.805519125683062,NA,-6.404863387978143,-2.3308219178082243,-5.598493150684931,-5.811639344262295,-1.1403825136612014,-3.9226229508196724,-2.52295081967213,-6.1543835616438365,-5.232465753424662,NA,-7.736301369863014,-7.100273972602739,-4.9105479452054785,-4.426575342465753,-6.528087431693988,NA,-5.258743169398907,-6.522596685082874,-4.6605479452054785,-3.9726229508196713,-5.226842105263159,1.5189617486338758,0.13251366120218577,-1.104444444444443,-7.0283561643835615,-7.606301369863013,-8.866164383561644,-6.08228650137741,-4.606575342465753,NA,-7.438021978021979,-4.536575342465753,-6.560410958904111,-2.886712328767123,NA,-7.0223287671232875,-5.334520547945203,-2.3106849315068496,-4.346575342465753,-6.852655367231639,-7.517759562841531,NA,-5.548493150684932,-4.6665753424657535,-6.140410958904111,-8.044246575342466,-6.684383561643836,-8.387431693989072,-7.524535519125682
2017,-6.798571428571428,NA,-4.885494505494506,-5.154945054945054,-4.881111111111111,-6.07228650137741,-5.83786703601108,-7.2296969696969695,-7.49027397260274,-0.8547091412742365,-5.584945054945054,-3.334657534246574,NA,-3.0827397260273974,-1.799441340782126,-6.968021978021978,-6.318571428571429,NA,-8.821625344352618,-6.818021978021978,-6.818571428571429,-7.158021978021978,-5.95912087912088,NA,-5.701396648044692,-4.895494505494506,-2.447692307692308,-4.211318681318682,NA,-0.36890410958904063,1.3202479338843016,0.18065934065934286,-8.392197802197803,-7.598021978021977,-6.938571428571429,-6.6438461538461535,-5.689670329670328,NA,-5.514945054945056,-7.268021978021977,-5.999670329670328,-2.3176923076923073,-2.2429670329670355,-2.617692307692308,-0.3751648351648367,-2.566593406593406,0.8890109890109894,NA,-6.414383561643836,-5.367624309392264,0.47890410958904184,-0.8309589041095897,-1.7568493150684947,-8.581625344352616,-6.124395604395603,-6.7285714285714295,-5.584945054945054
2018,-5.032921348314607,NA,-5.057871148459386,-5.338095238095238,-3.564520547945204,-4.41939393939394,-3.9339118457300266,NA,-5.5724657534246615,-5.507983193277313,-6.328319327731092,-7.17027397260274,-2.7587671232876705,-2.534794520547944,-1.1328767123287697,-3.583314763231199,-3.186089385474861,-0.9268181818181791,-6.571727019498606,-5.661727019498606,-1.850055096418732,-1.3645730027548169,NA,-3.467465564738294,-4.113911845730026,-4.244748603351956,-3.9947486033519564,-4.069325842696628,-2.6248314606741596,2.0968493150684964,3.195378151260501,-1.9377777777777787,-5.841396648044692,-5.884623955431754,-6.040726256983239,-6.311727019498607,-6.449385474860335,NA,-8.504692737430169,-7.496703910614524,-7.605933147632312,-4.702737430167598,-0.8879661016949125,-5.002737430167599,-0.23359331476322787,-6.653036211699165,0.26414565826330794,NA,-6.140410958904111,-5.6177777777777775,-0.343013698630136,7.936164383561641,-4.222602739726028,-8.81028328611898,-6.609385474860336,-7.26969696969697,-6.958571428571428
2019,-4.5528254847645435,-3.464792243767312,-3.4547922437673124,-5.944875346260388,-4.099670329670328,-5.521322314049585,-4.192651933701657,-6.954214876033058,-5.284945054945055,-1.9388888888888935,-3.3277839335180053,-3.5033147632311987,-0.4852486187845333,-2.808767123287671,-1.1328767123287697,-5.0038504155124635,NA,-5.02041782729805,-7.702908587257617,-5.684875346260388,-3.2076795580110513,NA,-3.504657534246574,-5.671322314049585,-4.940358126721761,-6.234875346260389,-5.153850415512464,-5.516072423398329,-2.156666666666668,0.7269863013698643,3.399025069637881,0.5352908587257641,-6.988891966759002,-7.018891966759002,-6.908891966759002,-5.5038504155124635,-4.8351381215469615,NA,-8.24393351800554,-5.303850415512462,-5.406842105263158,-1.6766666666666676,0.932061281337047,-1.722742382271468,5.80349030470914,-5.558891966759003,6.797506925207758,-4.696842105263159,-5.044520547945204,-5.832957746478872,4.040547945205478,-3.844657534246574,-0.11301369863013555,-7.716703910614525,-6.652596685082873,-6.738356164383562,-6.42041095890411
2020,-5.998415300546448,-4.925519125683063,-6.236353591160222,-5.728415300546448,-6.310983606557377,-6.654863387978143,-4.7905479452054776,-5.511396648044692,-5.038743169398908,-4.2658469945355195,-3.152950819672129,-7.177759562841531,-2.5065027322404374,-3.9226229508196724,-4.405494505494506,-5.345191256830602,-4.9719672131147545,-3.7661748633879775,-8.01775956284153,-6.014863387978142,NA,NA,NA,-6.531639344262295,-6.34041095890411,-8.149103641456582,-6.588087431693989,-3.699398907103822,-5.544945054945055,-1.738767123287671,1.138888888888891,-2.272947658402205,-7.584535519125683,-5.975191256830601,-7.231311475409836,-7.757759562841531,-5.715191256830601,-4.619071038251368,-8.811648351648353,-5.918415300546448,-7.118087431693988,-6.448356164383561,NA,-5.665191256830602,-0.977158469945353,-6.700983606557378,-2.7027397260273966,-6.681311475409837,-7.244535519125683,-5.682465753424661,-2.0100546448087417,-8.780655737704919,-5.878415300546449,-7.77775956284153,-6.148415300546448,-5.108743169398909,-8.070983606557377
