yy;aeronautica_6771;aeronautica_6773;aeronautica_6779;aeronautica_6797;aeronautica_6803;aeronautica_6822;aeronautica_6841;aeronautica_6850;aeronautica_6851;aeronautica_6856;aeronautica_6869;aeronautica_6874;aeronautica_6897;friuliveneziagiulia_51;lazio_276;marche_701;sicilia_6120;toscana_464;toscana_55;toscana_72;toscana_78;aeronautica_6693;aeronautica_6697;aeronautica_6709;bolzano_176;bolzano_223;bolzano_39;bolzano_94;friuliveneziagiulia_47;toscana_25;trentino_6509;trentino_6511;trentino_6564;trentino_6640;aeronautica_6782;aeronautica_6826;marche_104;marche_109;marche_123;marche_703;aeronautica_6794;aeronautica_6817;aeronautica_6827;aeronautica_6834;aeronautica_6859;aeronautica_6876;aeronautica_6881;aeronautica_6883;aeronautica_6893;aeronautica_6901;lazio_240;lazio_278;lazio_289;marche_25;sicilia_11825;sicilia_11832;sicilia_11883;sicilia_11898;sicilia_11933;sicilia_11942;aeronautica_6707;aeronautica_6718;aeronautica_6720;aeronautica_6721;aeronautica_6723;aeronautica_6729;aeronautica_6730;aeronautica_6733;aeronautica_6769;bolzano_203;emiliaromagna_12702;emiliaromagna_14246;emiliaromagna_9224;friuliveneziagiulia_14;friuliveneziagiulia_20;friuliveneziagiulia_39;marche_108;marche_110;marche_605;trentino_6570;aeronautica_6691;aeronautica_6692;lazio_388;trentino_6543;aeronautica_6919;aeronautica_6922;aeronautica_6923
1961;NA;5.139348134152102;NA;7.652338214454417;4.459140292867265;4.7614548889938595;5.092111478507322;4.090694378837979;5.677846008502598;5.706188001889466;6.093528578176665;5.8101086443079835;9.570146433632498;4.959848842701937;4.496929617383089;3.1931979215871515;NA;5.592820028341993;7.9074161549362305;3.788379782711384;4.818138875767596;NA;7.057156353330184;8.77657061880019;1.8044402456306095;6.679263108171941;7.727916863486064;6.008502598016061;10.788852149267832;5.7534246575342465;NA;NA;3.249881908360888;1.473783656117147;9.003306565895135;7.7562588568729325;9.050543221539915;6.80207841284837;6.414737836561171;7.18941898913557;4.194615021256495;5.101558809636278;NA;5.7439773264052905;7.784600850259801;NA;4.572508266414737;NA;NA;4.194615021256495;NA;NA;5.904581955597544;6.235238545111006;NA;7.982994803967879;4.893717524799245;4.553613604156825;3.7033538025507795;2.720831365139348;NA;NA;5.564478034955125;5.394426074633916;5.016532829475673;NA;NA;NA;7.463391591875296;4.147378365611715;6.424185167690127;5.942371280113368;4.383561643835616;3.788379782711384;6.074633915918753;11.950873878129428;8.70099196976854;7.9357581483230994;8.379782711384035;3.9678790741615497;4.610297590930562;4.563060935285781;8.379782711384035;3.0514879546528104;NA;4.156825696740671;5.829003306565895
1962;NA;14.256022673594709;NA;NA;13.670288143599432;16.580066131317903;13.358526216343883;10.514879546528105;11.790269248937175;12.319319792158716;10.666036844591403;11.761927255550306;NA;13.112895606991026;14.492205951818612;15.918752952290976;13.802550779404818;12.914501653282947;14.709494567784601;13.320736891828059;12.999527633443552;NA;19.924421350968352;15.229097779877184;10.042512990080303;17.893245158242795;13.330184222957014;13.349078885214926;15.786490316485594;12.319319792158716;11.176192725555032;9.456778460085026;12.57439773264053;10.883325460557392;NA;16.06046291922532;14.511100614076526;17.052432687765705;15.36136041568257;16.580066131317903;11.629664619744922;14.048181388757678;NA;13.60415682569674;13.33963155408597;NA;9.891355692017004;7.350023618327822;NA;8.634860651865848;NA;NA;10.76995748700992;13.641946150212563;16.221067548417572;12.668871043930091;10.269248937175247;NA;9.522909777987719;8.21917808219178;NA;NA;13.60415682569674;11.15729806329712;12.139820500708549;16.787907416154937;17.24137931034483;NA;17.997165800661314;11.03448275862069;14.879546528105811;12.442135096835145;11.856400566839868;15.229097779877184;14.388285309400095;24.40245630609353;20.878601794992914;18.356164383561644;18.69626830420406;12.479924421350969;12.593292394898443;14.482758620689657;11.591875295229098;11.525743977326405;12.753897024090694;12.23429381199811;12.857817666509211
1963;NA;17.40198393953708;NA;15.200755786490316;12.895606991025035;13.660840812470475;10.55266887104393;10.55266887104393;10.344827586206897;7.510628247520075;10.259801606046292;14.37883797827114;23.608880491261218;13.50968351440718;11.317902692489373;11.176192725555032;10.741615493623051;15.455833726972129;16.136041568256967;17.04298535663675;14.605573925366084;NA;15.162966461974491;21.2470477090222;13.613604156825696;14.076523382144543;NA;13.934813415210204;NA;13.160132262635804;14.01983939537081;11.412376003778931;14.548889938592346;9.40009447331129;18.41284837033538;15.729806329711856;15.805384978743506;15.31412376003779;NA;18.19555975436939;13.19792158715163;13.330184222957014;NA;12.139820500708549;9.211147850732168;NA;11.195087387812942;10.33538025507794;NA;8.181388757675958;NA;NA;10.108644307982996;11.950873878129428;13.05621162021729;13.82144544166273;NA;9.1828058573453;8.814359943316013;8.908833254605574;NA;NA;20.43457723193198;13.36797354747284;15.030703826169105;16.551724137931036;18.3656117146906;NA;18.1294284364667;11.497401983939536;17.099669343410486;15.21965044874823;15.030703826169105;12.555503070382617;12.508266414737838;17.55314123760038;19.40481813887577;18.29003306565895;16.740670760510156;14.728389230042513;13.802550779404818;13.528578176665093;11.931979215871516;12.281530467642892;15.02125649504015;11.317902692489373;16.1076995748701
1964;9.487469380064066;5.210099868098737;8.809120030148861;NA;9.025814961371772;5.9355568117580555;8.140192198982476;8.451102317693612;7.961183342754852;8.997550405125306;9.223666855097042;7.037874505370266;13.632937629545882;5.803655549274543;7.0567175428679105;8.130770680233654;NA;4.060674580742416;5.83192010552101;4.315055586960618;10.504993404936876;NA;11.54136046730733;11.277557942340305;4.729602411908799;8.262671942717166;8.639532692670059;NA;NA;4.701337855662333;4.710759374411156;4.69191633691351;9.713585830035802;7.4147352553231585;8.601846617674768;NA;5.087620124364047;6.613906161673262;6.321839080459771;9.553420011305823;5.059355568117581;4.277369511965329;4.211418880723572;10.19408328622574;12.163180704729601;NA;6.425475786696816;4.541172036932354;NA;6.237045411720369;NA;8.592425098925947;5.681175805539853;5.4927454305634065;7.753909930280761;NA;11.748633879781421;8.611268136423591;7.659694742792539;5.747126436781609;NA;NA;13.896740154512907;11.023176936122104;11.286979461089128;9.562841530054644;9.468626342566422;NA;8.224985867721877;5.8601846617674775;9.49689089881289;10.712266817410967;11.946485773506689;6.802336536649708;6.8117580553985295;11.249293386093838;6.453740342943283;11.54136046730733;10.514414923685699;6.868287167891464;5.690597324288675;7.763331449029584;6.227623892971547;7.395892217825513;6.453740342943283;6.990766911626155;8.356887130205388
1965;19.867737364194614;14.992914501653281;NA;NA;NA;11.525743977326405;14.539442607463391;16.476145488899384;8.74822862541332;6.97213037316958;8.228625413320737;11.025035427491733;28.38923004251299;7.264997638167217;12.083136513934814;5.299952763344355;NA;12.23429381199811;11.979215871516297;7.227208313651394;14.454416627302788;12.876712328767123;NA;NA;7.86017949929145;9.957487009919697;14.397732640529052;NA;13.33963155408597;9.957487009919697;NA;9.570146433632498;11.837505904581956;9.541804440245631;9.71185640056684;NA;6.17855455833727;7.841284837033538;NA;7.926310817194143;9.371752479924421;9.01275389702409;7.8696268304204064;6.981577704298536;10.108644307982996;7.23665564478035;NA;7.8129428436466695;16.58951346244686;8.304204062352385;10.269248937175247;8.275862068965518;10.495984884270193;6.981577704298536;10.297590930562116;17.779877184695323;NA;10.448748228625414;4.7709022201228155;12.130373169579594;15.31412376003779;10.089749645725082;12.753897024090694;12.961738308927728;10.949456778460085;11.865847897968823;13.623051487954651;10.713273500236184;12.18705715635333;11.752479924421351;8.861596598960794;9.97638167217761;6.565895134624469;13.084553613604157;10.45819555975437;6.97213037316958;8.682097307510627;5.318847425602267;10.231459612659425;16.07935758148323;17.864903164855928;NA;10.807746811525744;12.272083136513935;12.32876712328767;10.524326877657062;16.863486065186585
1966;15.087387812942843;13.207368918280585;8.143599433160134;10.845536136041568;10.921114785073218;11.204534718941899;9.097779877184696;9.58904109589041;10.581010864430798;5.403873405762872;7.142182333490789;9.504015115729807;NA;7.076051015588096;12.130373169579594;8.417572035899857;NA;11.147850732168163;11.043930089749646;13.216816249409542;15.399149740198395;10.949456778460085;9.796882380727444;11.185640056683987;10.392064241851678;9.570146433632498;8.70099196976854;NA;8.455361360415683;9.522909777987719;NA;6.698157770429853;10.836088804912611;8.82380727444497;8.445914029286726;7.057156353330184;8.408124704770902;9.145016532829475;NA;6.36750118091639;11.308455361360416;9.201700519603213;7.274444969296173;5.564478034955125;7.520075578649031;6.707605101558809;8.247520075578649;5.715635333018422;12.640529050543222;10.033065658951346;9.900803023145961;7.557864903164855;10.571563533301841;8.12470477090222;4.534718941898914;15.663675011809165;NA;8.313651393481342;NA;11.799716580066132;11.761927255550306;11.402928672649978;10.373169579593764;10.004723665564478;10.684931506849315;8.011336797354748;8.625413320736893;9.23004251299008;12.205951818611242;NA;10.45819555975437;NA;NA;9.163911195087387;9.08833254605574;3.108171941426547;6.320264525271611;5.082664147378366;9.08833254605574;11.402928672649978;NA;13.528578176665093;11.100614076523382;11.100614076523382;7.255550307038263;6.735947094945678;6.603684459140292
1967;7.964100141709967;8.417572035899857;8.096362777515353;14.01983939537081;11.941426547000471;10.354274917335852;9.683514407179972;14.265470004723666;11.374586679263109;11.4407179971658;14.992914501653281;11.336797354747285;13.566367501180917;5.148795465281058;7.8223901747756255;11.25177137458668;12.971185640056685;7.038261691072272;8.82380727444497;6.301369863013699;12.404345772319319;10.420406235238545;9.031648559282003;4.884270193670289;4.884270193670289;9.050543221539915;NA;7.406707605101559;NA;7.350023618327822;1.9744922059518186;7.038261691072272;6.63202645252716;9.13556920170052;10.67548417572036;10.98724610297591;10.420406235238545;9.8063297118564;NA;4.988190836088805;8.908833254605574;10.07085498346717;9.163911195087387;10.883325460557392;10.165328294756732;6.943788379782712;10.486537553141236;8.578176665092112;9.23004251299008;8.880491261218705;9.985829003306566;6.594237128011336;10.014170996693435;7.520075578649031;17.997165800661314;NA;5.07321681624941;9.834671705243268;10.911667453944261;10.429853566367502;7.709022201228153;6.414737836561171;7.45394426074634;5.347189418989136;7.085498346717052;5.9234766178554565;6.13131790269249;6.188001889466226;11.384034010392066;7.104393008974965;9.626830420406234;8.634860651865848;8.143599433160134;7.982994803967879;5.980160604629193;5.38497874350496;6.735947094945678;8.351440717997166;12.338214454416626;8.899385923476617;12.4515824279641;12.168162494095418;9.995276334435523;10.41095890410959;7.387812942843647;7.482286254133208;8.360888049126123
1968;13.661202185792352;12.0783870359902;11.78631995477671;10.212926323723384;12.954588279630677;11.889956661013755;9.49689089881289;15.046165441869231;12.43640474844545;8.215564348973055;11.795741473525533;10.241190879969851;16.120218579234972;7.998869417750141;8.074241567740719;13.397399660825323;12.945166760881854;11.569625023553796;12.43640474844545;16.911626154136048;13.651780667043528;9.779536461277557;9.920859242509893;9.280195967589975;8.856227623892972;10.56152251742981;8.564160542679481;8.366308648954211;12.690785754663652;9.694742792538156;9.317882042585266;5.200678349349915;9.91143772376107;9.195402298850574;8.008290936498963;8.96928584887884;11.61673261729791;9.289617486338798;9.723007348784623;11.579046542302619;9.280195967589975;10.618051629922745;8.554739023930658;8.997550405125306;9.638213680045224;6.067458074241568;11.277557942340305;5.50216694931223;9.779536461277557;10.815903523648013;10.608630111173921;5.756547955530431;9.412097230073488;7.9800263802524976;9.12945166760882;4.870925193141135;4.4186922931976635;7.527793480309025;10.250612398718674;10.128132654983983;11.654418692293197;9.487469380064066;9.770114942528735;10.900697192387412;12.097230073487847;11.089127567363859;10.712266817410967;12.81326549839834;16.487657810439043;11.61673261729791;11.654418692293197;11.25871490484266;10.222347842472207;11.390616167326172;9.167137742604108;7.329941586583757;8.243828905219521;7.075560580365554;11.12681364235915;10.533257961183343;12.351611079706048;9.553420011305823;10.957226304880347;8.818541548897683;7.273412474090824;7.188618805351423;5.91671377426041
1969;13.188474256022673;11.412376003778931;9.40009447331129;11.78082191780822;11.487954652810581;14.964572508266416;11.091166745394426;15.50307038261691;12.394898441190364;11.421823334907888;12.564950401511574;13.764761454888994;12.744449692961737;9.437883797827114;13.26405290505432;14.42607463391592;21.568256967406708;12.23429381199811;NA;NA;NA;11.204534718941899;14.511100614076526;11.563533301842229;5.271610769957487;8.058573452999527;12.971185640056685;9.636277751535191;17.07132735002362;NA;7.557864903164855;5.7817666509211145;9.674067076051015;9.570146433632498;10.38261691072272;14.879546528105811;12.93339631554086;10.297590930562116;12.432687765706188;13.018422295701464;11.733585262163439;12.98063297118564;9.834671705243268;13.396315540859707;9.145016532829475;11.846953235710913;13.131790269248938;13.386868209730752;17.949929145016533;15.50307038261691;11.091166745394426;11.34624468587624;12.394898441190364;13.500236183278226;10.807746811525744;10.042512990080303;2.3712801133679737;9.863013698630137;12.300425129900804;13.623051487954651;10.732168162494094;15.824279641001418;13.660840812470475;11.78082191780822;10.373169579593764;8.956069910250354;10.174775625885687;11.856400566839868;12.32876712328767;10.363722248464809;11.714690599905527;11.421823334907888;12.697213037316956;10.826641473783656;14.482758620689657;9.551251771374588;10.45819555975437;10.288143599433159;14.548889938592346;11.70524326877657;12.300425129900804;11.70524326877657;12.054794520547945;11.12895606991025;14.463863958431745;13.235710911667454;9.296173830892773
1970;11.317902692489373;5.658951346244686;9.371752479924421;6.679263108171941;6.613131790269248;8.058573452999527;8.578176665092112;9.607935758148322;9.192253188474256;13.094000944733114;11.856400566839868;8.43646669815777;11.03448275862069;6.046291922531885;7.982994803967879;8.70099196976854;8.096362777515353;6.934341048653756;9.126121870571563;12.791686348606518;7.198866320264526;10.495984884270193;11.497401983939536;8.398677373641947;8.115257439773265;15.011809163911193;12.555503070382617;9.154463863958432;11.828058573453;7.614548889938592;6.424185167690127;5.592820028341993;NA;9.437883797827114;7.8790741615493625;NA;7.501180916391119;7.633443552196504;8.691544638639584;4.6953235710911665;8.663202645252715;8.984411903637222;6.36750118091639;9.485120453471895;12.76334435521965;7.964100141709967;10.86443079829948;12.215399149740199;13.094000944733114;7.727916863486064;8.65375531412376;NA;9.154463863958432;8.578176665092112;8.852149267831837;4.846480869154464;3.599433160132263;11.204534718941899;7.094945677846008;6.8398677373641945;8.304204062352385;11.22342938119981;8.77657061880019;11.25177137458668;10.11809163911195;9.078885214926784;9.097779877184696;11.572980632971186;8.738781294284365;10.259801606046292;6.641473783656117;8.663202645252715;11.053377420878602;9.145016532829475;9.371752479924421;7.378365611714691;8.247520075578649;6.726499763816722;8.464808691544638;11.138403401039207;11.809163911195087;14.605573925366084;12.04534718941899;11.65800661313179;11.837505904581956;8.304204062352385;11.790269248937175
1971;11.752479924421351;10.429853566367502;11.336797354747285;9.607935758148322;11.884742560226735;11.006140765233821;12.35710911667454;12.111478507321682;11.950873878129428;13.05621162021729;11.043930089749646;12.149267831837506;10.11809163911195;10.45819555975437;10.524326877657062;13.179026924893716;12.215399149740199;10.98724610297591;10.656589513462448;12.678318375059044;9.938592347661785;7.690127538970241;10.259801606046292;8.804912612187058;10.014170996693435;10.76995748700992;5.942371280113368;7.8790741615493625;6.405290505432215;9.900803023145961;11.875295229097778;4.496929617383089;7.18941898913557;7.321681624940954;10.89277279168635;14.237128011336797;11.51629664619745;13.273500236183278;12.205951818611242;9.40009447331129;9.607935758148322;10.911667453944261;11.232876712328768;11.70524326877657;13.10344827586207;NA;11.299008030231459;13.037316957959376;NA;12.4515824279641;10.155880963627775;NA;10.45819555975437;12.848370335380254;11.412376003778931;8.058573452999527;15.814832309872461;13.963155408597071;13.471894189891357;13.254605573925366;NA;NA;7.605101558809636;11.4407179971658;9.428436466698157;10.1936702881436;12.990080302314597;NA;13.490788852149269;9.248937175247992;9.768540387340577;8.474256022673595;9.796882380727444;10.543221539914974;14.643363249881908;11.78082191780822;12.168162494095418;11.166745394426075;10.95890410958904;7.623996221067548;7.557864903164855;8.861596598960794;10.666036844591403;8.209730751062825;11.695795937647615;10.86443079829948;10.50543221539915
1972;17.410966647823628;11.842849067269643;12.304503485961938;NA;13.708309779536462;12.822687017147164;14.301865460712268;13.077068023365365;13.208969285848879;13.972112304503487;NA;NA;13.058224985867723;9.525155455059355;13.46335029206708;7.075560580365554;11.41888072357264;13.161861692104768;12.634256642170719;14.631618616921047;12.869794610891274;11.66384021104202;NA;11.305822498586773;8.507631430186546;6.943659317882042;9.657056717542869;12.9640097983795;8.780855473902394;11.239871867345016;19.135104578858112;13.284341435839458;10.825325042396834;12.087808554739023;11.230450348596193;NA;10.778217448652724;9.807801017524024;10.19408328622574;15.65856416054268;13.199547767100055;14.02864141699642;12.351611079706048;14.113435085735821;13.811946485773507;NA;11.654418692293197;15.33823252308272;NA;NA;12.191445260976069;NA;12.163180704729601;13.83078952327115;NA;10.081025061239872;11.937064254757868;11.004333898624457;9.185980780101751;11.710947804786132;NA;NA;15.894102129263239;16.93046919163369;15.17806670435274;12.577727529677784;11.871113623516111;NA;17.599397022800076;8.752590917655926;15.441869229319765;16.03542491049557;11.05144149236857;13.632937629545882;15.357075560580366;15.611456566798568;15.140380629357452;10.749952892406256;10.81590352364801;11.12681364235915;13.284341435839458;13.877897117015264;11.305822498586773;11.83342754852082;12.690785754663652;12.747314867156586;13.83078952327115
1973;9.381199811053378;7.831837505904582;10.949456778460084;8.984411903637222;9.031648559282003;7.378365611714691;8.927727916863486;10.477090222012283;13.424657534246576;11.4407179971658;13.934813415210204;12.442135096835145;10.807746811525744;7.104393008974965;8.568729333963155;8.228625413320737;9.286726499763818;9.324515824279642;10.099196976854039;8.34199338686821;6.707605101558809;NA;8.34199338686821;6.121870571563534;9.466225791213983;7.8696268304204064;9.579593764761455;7.132735002361833;10.741615493623051;11.582427964100143;13.112895606991026;6.518658478979688;6.197449220595182;8.521492678318374;12.8389230042513;NA;14.803967879074161;13.471894189891357;16.01322626358054;14.52054794520548;7.8129428436466695;9.01275389702409;10.45819555975437;11.809163911195087;10.420406235238545;7.482286254133208;6.943788379782712;12.716107699574868;9.796882380727444;7.794048181388757;9.560699102503543;10.174775625885687;10.278696268304204;12.716107699574868;6.386395843174303;NA;12.196504487482287;8.190836088804913;9.324515824279642;9.078885214926784;6.868209730751063;8.757675956542277;9.645725082664146;9.145016532829475;10.004723665564478;11.459612659423712;9.938592347661785;8.606518658478981;11.676901275389701;5.9140292867265;11.280113367973547;8.984411903637222;7.350023618327822;10.1936702881436;12.413793103448276;NA;11.714690599905527;10.86443079829948;11.072272083136514;10.231459612659425;7.18941898913557;9.513462446858762;10.14643363249882;8.445914029286726;8.521492678318374;11.931979215871516;9.08833254605574
1974;9.003306565895135;13.878129428436466;14.90788852149268;12.196504487482287;12.952290977798771;13.490788852149269;13.112895606991026;16.646197449220594;8.153046764289089;11.846953235710913;9.022201228153047;13.386868209730752;8.65375531412376;12.801133679735473;14.048181388757678;6.44307982994804;5.630609352857817;13.840340103920642;14.615021256495039;13.05621162021729;12.007557864903164;13.027869626830421;11.960321209258385;8.833254605573925;12.130373169579594;13.481341521020312;6.405290505432215;NA;12.09258384506377;13.235710911667454;12.139820500708549;10.080302314596127;6.896551724137931;10.694378837978272;8.625413320736893;11.091166745394426;13.613604156825696;9.428436466698157;10.741615493623051;11.261218705715635;11.70524326877657;15.304676428908834;10.222012281530468;9.485120453471895;7.784600850259801;12.73500236183278;9.333963155408597;13.075106282475202;6.565895134624469;10.042512990080303;15.540859707132734;15.947094945677845;14.369390647142183;7.264997638167217;13.150684931506849;10.392064241851678;18.22390174775626;13.528578176665093;10.609352857817667;11.554085970713274;7.982994803967879;10.051960321209258;11.12895606991025;13.623051487954651;15.19130845536136;12.867264997638166;12.205951818611242;11.261218705715635;8.332546055739254;9.01275389702409;9.154463863958432;13.50968351440718;9.948039678790742;12.81058101086443;12.829475673122342;NA;7.028814359943317;8.039678790741615;8.360888049126123;13.207368918280585;13.53802550779405;14.974019839395373;13.623051487954651;11.535191308455362;16.39111950873878;13.131790269248938;17.817666509211147
1975;8.540387340576288;11.790269248937175;8.672649976381672;8.247520075578649;7.094945677846008;6.943788379782712;7.831837505904582;7.057156353330184;8.464808691544638;8.48370335380255;6.962683042040624;8.682097307510627;5.592820028341993;5.9234766178554565;7.312234293811998;4.988190836088805;6.376948512045347;9.8063297118564;10.637694851204534;11.875295229097778;9.891355692017004;9.560699102503543;8.247520075578649;8.852149267831837;NA;11.809163911195087;8.502598016060462;10.968351440717997;8.719886632026451;8.238072744449692;3.6466698157770425;7.151629664619745;3.372697213037317;8.615965989607936;7.406707605101559;8.634860651865848;8.672649976381672;8.247520075578649;8.493150684931507;9.031648559282003;8.43646669815777;8.020784128483703;8.34199338686821;6.773736419461502;6.877657061880019;9.674067076051015;9.92914501653283;11.620217288615967;6.480869154463864;8.842701936702882;8.370335380255078;5.007085498346718;7.671232876712329;4.194615021256495;10.439300897496457;9.674067076051015;8.238072744449692;8.313651393481342;10.24090694378838;10.609352857817667;8.87104393008975;9.10722720831365;7.085498346717052;9.220595181861125;9.834671705243268;9.220595181861125;8.568729333963155;7.057156353330184;4.232404345772319;13.377420878601795;7.45394426074634;7.623996221067548;8.606518658478981;6.273027869626831;9.466225791213983;NA;4.10958904109589;4.931506849315069;5.43221539914974;8.417572035899857;8.058573452999527;6.121870571563534;3.675011809163911;4.922059518186113;9.296173830892773;8.540387340576288;9.740198393953708
1976;8.950442811381194;15.102694554362165;15.517241379310345;NA;NA;17.505181835311852;11.042019973619748;13.444507254569437;16.007160354249105;18.381383078952325;18.089315997738836;13.397399660825323;11.889956661013755;12.511776898436027;14.68814772941398;19.229319766346332;14.292443941963445;13.37855662332768;14.254757866968154;12.97343131712832;11.475409836065573;11.01375541737328;11.795741473525533;11.66384021104202;10.731109854908611;10.900697192387412;13.105332579611833;6.557377049180328;11.41888072357264;13.53872244205766;NA;10.241190879969851;9.167137742604108;11.032598454870925;14.047484454494064;13.41624269832297;15.677407198040324;15.667985679291501;15.969474279253815;13.802524967024684;16.47823629169022;16.39344262295082;19.70039570378745;17.203693235349537;18.221217260222346;22.178255134727717;16.817410966647824;19.879404560015075;14.88599962313925;17.64650461654419;NA;11.776898436027889;14.659883173167515;13.99095534200113;14.160542679479931;11.155078198605615;12.530619935933673;13.604673073299416;12.68136423591483;18.334275485208217;12.417561710947805;12.219709817222537;12.116073110985491;12.257395892217826;18.67345016016582;NA;14.113435085735821;13.161861692104768;17.128321085358962;10.5992085924251;13.755417373280574;13.793103448275861;12.992274354625966;13.576408517052949;14.02864141699642;NA;14.942528735632186;14.989636329376296;15.78104390427737;10.457885811192764;11.701526286037309;10.834746561145657;11.098549086112682;8.856227623892972;14.02864141699642;13.37855662332768;12.106651592236668
1977;10.099196976854039;10.316485592820028;13.254605573925366;9.985829003306566;7.8979688238072745;14.709494567784601;11.365139348134152;4.411903637222485;8.578176665092112;9.163911195087387;4.969296173830893;6.9248937175247995;5.8006613131790274;8.946622579121398;6.896551724137931;13.075106282475202;5.148795465281058;10.24090694378838;NA;10.760510155880963;NA;11.261218705715635;6.669815777042985;14.35049598488427;9.636277751535191;5.224374114312707;9.570146433632498;9.579593764761455;4.619744922059518;NA;10.67548417572036;NA;11.525743977326405;11.39348134152102;10.07085498346717;8.209730751062825;9.721303731695796;NA;9.598488427019367;10.637694851204534;12.659423712801136;13.282947567312235;9.504015115729807;7.9074161549362305;13.566367501180917;14.624468587623996;9.872461029759092;11.025035427491733;5.318847425602267;7.387812942843647;8.663202645252715;10.155880963627775;7.9074161549362305;10.760510155880963;4.043457723193198;3.6372224846480865;2.9286726499763818;8.615965989607936;NA;13.963155408597071;14.879546528105811;12.706660368445913;11.695795937647615;11.639111950873877;10.949456778460084;10.297590930562116;9.872461029759092;8.710439300897496;7.416154936230515;13.396315540859707;12.57439773264053;NA;8.540387340576288;8.313651393481342;8.115257439773265;11.506849315068493;8.134152102031177;8.360888049126123;9.749645725082665;10.41095890410959;8.96551724137931;9.49456778460085;8.757675956542277;7.690127538970241;10.089749645725082;NA;9.059990552668872
1978;11.22342938119981;11.979215871516297;14.841757203589987;13.36797354747284;12.93339631554086;14.142654700047236;13.670288143599432;13.94426074633916;12.999527633443552;21.68162494095418;15.465281058101086;12.88615965989608;9.598488427019367;15.399149740198395;11.195087387812942;NA;12.139820500708549;12.631081719414267;11.572980632971186;10.439300897496457;NA;14.237128011336797;14.029286726499764;14.199338686820973;NA;8.360888049126123;10.72272083136514;11.714690599905527;11.308455361360416;14.13320736891828;10.524326877657062;17.37364194615021;17.354747283892298;15.399149740198395;12.536608408124705;13.311289560699102;11.34624468587624;13.82144544166273;16.41946150212565;15.323571091166746;12.791686348606518;13.736419461502125;15.43693906471422;15.427491733585263;12.376003778932452;14.567784600850258;19.32923948984412;18.55455833726972;18.375059045819555;14.27491733585262;12.76334435521965;12.753897024090694;10.921114785073218;15.521965044874822;7.784600850259801;14.246575342465754;13.00897496457251;16.627302786962684;11.601322626358055;16.334435521965045;13.613604156825696;15.257439773264053;13.179026924893716;13.982050070854985;12.442135096835145;14.199338686820973;14.718941898913556;15.040151157298062;10.826641473783656;9.239489844119037;13.811998110533775;NA;7.510628247520075;14.501653282947569;14.20878601794993;15.474728389230041;14.615021256495039;13.623051487954651;11.799716580066132;12.111478507321682;12.564950401511574;13.216816249409542;NA;10.628247520075579;17.846008502598014;21.700519603212094;19.82994803967879
1979;5.658951346244686;9.71185640056684;8.710439300897496;10.41095890410959;11.110061407652339;11.563533301842229;7.680680207841285;9.362305148795464;8.162494095418046;6.868209730751063;8.82380727444497;10.099196976854039;9.01275389702409;8.842701936702882;9.900803023145961;15.19130845536136;10.55266887104393;7.501180916391119;8.710439300897496;8.275862068965518;10.543221539914974;12.687765706188001;10.590458195559755;8.908833254605574;NA;8.625413320736893;12.678318375059044;12.602739726027398;6.263580538497875;10.250354274917337;9.796882380727444;18.649031648559284;16.069910250354276;13.859234766178554;11.08171941426547;11.213982050070854;11.072272083136514;11.299008030231459;11.280113367973547;12.083136513934814;9.541804440245631;12.508266414737838;11.22342938119981;10.902220122815304;12.32876712328767;8.74822862541332;8.549834671705243;13.736419461502125;11.544638639584317;11.242324043457723;11.402928672649976;13.415210203117619;12.546055739253662;12.88615965989608;20.037789324515824;10.854983467170525;16.87293339631554;7.709022201228153;5.488899385923476;10.41095890410959;9.75909305621162;7.916863486065187;8.086915446386396;8.82380727444497;11.450165328294757;9.069437883797828;9.022201228153047;9.513462446858762;7.359470949456778;NA;9.683514407179972;13.566367501180917;7.9357581483230994;8.91828058573453;9.409541804440245;7.217760982522438;9.910250354274917;7.7373641946150205;9.721303731695796;10.203117619272556;14.038734057628721;11.119508738781295;11.270666036844592;8.757675956542277;10.212564950401513;16.929617383089276;14.199338686820973
1980;16.186169210476727;20.76502732240437;11.739212361032598;14.961371773129828;17.533446391558318;16.40286414169964;18.92783116638402;20.06783493499152;NA;12.9640097983795;17.70303372903712;18.362540041454682;11.513095911060862;15.196909741850387;19.94535519125683;13.12417561710948;12.822687017147164;21.41511211607311;12.634256642170719;12.860373092142455;12.68136423591483;15.319389485585077;14.330130016958734;12.144337667231959;19.90766911626154;19.69097418503863;12.134916148483136;12.653099679668362;8.837384586395327;16.205012247974373;10.6840022611645;18.13642359148295;15.460712266817412;17.410966647823628;14.716412285660448;13.41624269832297;17.062370454117204;15.234595816845676;16.600716035424913;15.667985679291501;16.666666666666664;15.498398341812699;18.974938760128133;13.576408517052949;12.474090823440738;17.834934991520633;14.264179385716977;12.39871867345016;11.12681364235915;18.287167891464104;15.978895798002638;26.47446768419069;19.57791596005276;11.117392123610326;14.83889202939514;16.252119841718486;13.41624269832297;16.911626154136048;12.624835123421896;18.62634256642171;13.237233842095344;12.568306010928962;11.343508573582062;10.486150367439231;12.332768042208404;14.066327491991709;14.81062747314867;13.793103448275861;9.760693423779914;12.417561710947805;10.373092142453363;12.662521198417185;13.53872244205766;16.449971735443754;15.573770491803279;14.207650273224044;11.315244017335594;13.802524967024684;10.6840022611645;11.635575654795554;17.70303372903712;17.834934991520633;23.393631053325798;16.139061616732615;17.76898436027888;17.48633879781421;19.022046353872245
1981;NA;12.064241851676902;9.078885214926784;12.470477090222012;12.461029759093057;11.497401983939536;12.744449692961737;12.470477090222012;14.539442607463391;13.65139348134152;12.205951818611242;NA;10.212564950401513;6.811525743977326;11.884742560226735;11.119508738781295;13.745866792631082;12.942843646669816;8.956069910250354;11.25177137458668;12.564950401511574;12.4515824279641;7.9452054794520555;11.695795937647615;13.150684931506849;11.856400566839868;11.506849315068493;12.281530467642892;4.515824279641001;12.413793103448276;7.9074161549362305;15.994331601322626;12.432687765706188;14.492205951818612;11.828058573453;11.062824752007558;14.992914501653281;13.50968351440718;10.949456778460084;10.647142182333491;NA;9.92914501653283;14.4733112895607;11.676901275389701;10.165328294756732;8.285309400094473;13.29239489844119;9.768540387340577;8.38923004251299;13.641946150212563;12.007557864903164;14.983467170524326;14.728389230042513;10.760510155880963;NA;12.564950401511574;12.602739726027398;15.238545111006141;9.551251771374588;9.674067076051015;9.23004251299008;8.068020784128484;7.652338214454417;10.98724610297591;7.794048181388757;8.729333963155408;7.208313651393482;9.371752479924421;8.21917808219178;6.282475200755787;7.7562588568729325;13.670288143599432;27.96410014170997;10.921114785073218;9.418989135569202;10.618800188946622;10.278696268304204;9.71185640056684;8.134152102031177;11.450165328294757;14.548889938592346;14.511100614076526;NA;11.714690599905527;6.452527161076996;11.384034010392066;12.489371752479924
1982;5.044874822862541;4.997638167217762;NA;4.137931034482759;4.241851676901275;3.5049598488427023;4.468587623996221;6.027397260273973;9.343410486537552;7.368918280585735;6.027397260273973;4.7331128956069914;4.874822862541333;7.113840340103921;3.4388285309400093;5.12045347189419;7.926310817194143;7.340576287198866;5.016532829475673;5.970713273500236;NA;7.113840340103921;6.480869154463864;9.418989135569202;6.17855455833727;5.555030703826169;5.706188001889466;NA;4.440245630609352;6.159659896079358;6.084081247047709;5.233821445441663;8.247520075578649;5.989607935758149;7.33112895606991;6.140765233821446;7.435049598488427;6.301369863013699;4.7709022201228155;2.550779404818139;5.299952763344355;4.950401511572981;4.7614548889938595;7.982994803967879;6.348606518658478;6.046291922531885;5.602267359470949;4.37411431270666;5.16769012753897;11.65800661313179;4.213509683514407;3.467170524326878;2.418516769012754;NA;6.896551724137931;4.600850259801606;9.674067076051015;7.283892300425129;9.145016532829475;7.8034955125177135;7.472838923004252;9.475673122342938;9.522909777987719;9.01275389702409;8.842701936702882;8.606518658478981;9.560699102503543;8.833254605573925;6.613131790269248;4.204062352385451;9.957487009919697;9.692961738308927;NA;5.366084081247047;6.650921114785073;8.455361360415683;5.7723193197921585;9.078885214926784;5.422768068020784;6.22579121398205;4.63863958431743;8.464808691544638;7.7373641946150205;4.827586206896552;2.862541332073689;7.416154936230515;5.101558809636278
1983;7.23665564478035;7.179971658006614;7.085498346717052;7.8885214926783185;8.757675956542277;6.386395843174303;5.082664147378366;8.00188946622579;12.470477090222012;9.92914501653283;8.625413320736893;5.989607935758149;3.183750590458195;7.690127538970241;9.211147850732168;NA;11.384034010392066;9.97638167217761;8.568729333963155;8.729333963155408;9.475673122342938;5.488899385923476;7.8979688238072745;9.409541804440245;10.051960321209258;9.437883797827114;7.397260273972603;NA;5.413320736891828;8.275862068965518;6.065186584789797;11.894189891355692;8.360888049126123;9.031648559282003;9.126121870571563;12.177609825224375;6.301369863013699;9.504015115729807;9.352857817666509;NA;9.61738308927728;8.625413320736893;8.068020784128484;11.280113367973547;13.19792158715163;3.920642418516769;12.706660368445913;5.725082664147378;6.197449220595182;11.724137931034482;12.007557864903164;12.281530467642892;13.207368918280585;10.429853566367502;4.241851676901275;4.818138875767596;8.804912612187058;11.053377420878602;10.911667453944261;9.513462446858762;8.07746811525744;8.096362777515353;7.982994803967879;7.113840340103921;7.8790741615493625;8.937175247992442;8.786017949929144;7.45394426074634;5.47945205479452;9.362305148795464;8.464808691544638;6.603684459140292;2.6830420406235236;5.139348134152102;4.525271610769957;3.060935285781767;12.007557864903164;NA;10.666036844591403;7.246102975909306;5.989607935758149;8.03023145961266;NA;5.989607935758149;NA;7.482286254133208;4.175720358998583
1984;19.57791596005276;15.121537591859807;14.55624646693047;15.385340116826832;16.308648954211417;14.772941398153383;15.894102129263239;NA;9.977388355002827;12.191445260976069;9.732428867533446;12.68136423591483;7.8481251177689835;9.035236480120595;17.759562841530055;12.615413604673073;12.389297154701339;14.038062935745241;16.167326172979084;14.537403429432825;14.3583945732052;12.27623892971547;10.947804786131526;15.404183154324476;9.939702280007538;13.670623704541171;10.702845298662144;10.137554173732806;10.985490861126813;18.843037497644623;9.195402298850574;13.190126248351234;12.247974373469003;13.00169587337479;11.758055398530242;10.81590352364801;7.452421330318447;11.192764273600904;9.779536461277557;12.087808554739023;17.91030714151121;15.988317316751461;11.98417184850198;9.826644055021669;9.675899755040513;12.775579423403052;11.343508573582062;14.330130016958734;5.58696061805163;10.608630111173921;19.992462785000942;14.593932541925758;15.36649707932919;8.187299792726588;7.348784624081402;8.15903523648012;5.99208592425099;14.876578104390429;16.732617297908423;11.880535142264934;13.698888260787639;11.409459204823817;12.445826267194272;11.465988317316752;8.47936687394008;10.712266817410967;11.221028829847372;11.692104767288487;9.421518748822312;10.938383267382703;12.22913133597136;8.922178255134728;6.8117580553985295;11.560203504804974;12.03127944224609;NA;12.417561710947805;11.05144149236857;11.946485773506689;10.146975692481629;15.196909741850387;10.97606934237799;NA;8.469945355191257;10.288298473713962;14.292443941963445;11.324665536084416
1985;12.073689182805857;11.752479924421351;8.474256022673595;9.61738308927728;NA;8.615965989607936;10.250354274917337;5.687293339631554;8.07746811525744;8.521492678318374;7.7373641946150205;8.493150684931507;4.213509683514407;10.543221539914974;NA;NA;9.201700519603213;9.58904109589041;8.530940009447331;10.477090222012283;10.089749645725082;14.265470004723666;12.659423712801136;12.007557864903164;13.415210203117619;14.048181388757675;12.205951818611242;14.085970713273499;12.952290977798771;11.865847897968823;11.65800661313179;11.525743977326405;14.728389230042513;11.12895606991025;11.714690599905527;8.974964572508267;5.498346717052432;9.248937175247992;9.485120453471895;7.378365611714691;11.402928672649978;9.23004251299008;9.626830420406234;12.007557864903164;NA;9.815777042985356;7.085498346717052;10.325932923948985;4.364666981577704;8.587623996221067;6.9248937175247995;12.35710911667454;10.259801606046292;9.607935758148322;5.706188001889466;3.287671232876712;12.81058101086443;9.957487009919697;13.736419461502125;7.71846953235711;11.799716580066132;11.941426547000471;14.501653282947569;14.256022673594709;11.138403401039207;12.413793103448276;10.949456778460084;12.971185640056685;11.34624468587624;7.33112895606991;14.331601322626359;10.703826169107227;NA;13.018422295701464;9.30562116202173;12.281530467642892;13.226263580538497;16.90127538970241;13.50968351440718;11.336797354747285;10.50543221539915;10.72272083136514;11.648559282002834;8.993859234766179;9.92914501653283;NA;11.213982050070854
1986;9.872461029759092;9.456778460085026;10.155880963627775;10.854983467170525;8.256967406707606;8.445914029286726;7.7562588568729325;5.640056683986773;4.959848842701937;5.838450637694851;5.970713273500236;6.688710439300897;2.3429381199811052;8.82380727444497;11.799716580066132;6.197449220595182;4.6953235710911665;9.40009447331129;8.502598016060462;9.551251771374588;8.247520075578649;12.404345772319319;11.884742560226735;8.03023145961266;13.519130845536138;11.733585262163439;9.173358526216344;10.24090694378838;14.057628719886633;14.256022673594709;NA;19.45205479452055;11.913084553613604;12.300425129900804;9.40009447331129;6.58478979688238;15.43693906471422;9.863013698630137;11.525743977326405;7.151629664619745;8.974964572508267;8.804912612187058;9.995276334435523;8.767123287671232;6.75484175720359;8.058573452999527;7.954652810581011;7.7468115257439765;5.38497874350496;7.397260273972603;6.282475200755787;9.532357109116676;12.555503070382617;8.134152102031177;14.529995276334434;9.541804440245631;18.56400566839868;8.12470477090222;11.875295229097778;5.309400094473311;9.796882380727444;10.495984884270193;8.351440717997166;9.428436466698157;9.239489844119037;9.626830420406234;8.200283419933868;9.541804440245631;8.228625413320737;7.302786962683042;9.66461974492206;NA;14.341048653755314;10.165328294756732;7.368918280585735;NA;12.120925838450637;12.224846480869154;11.412376003778931;10.95890410958904;10.316485592820028;8.927727916863486;10.883325460557392;7.727916863486064;9.390647142182333;8.530940009447331;6.547000472366557
1987;8.351440717997166;8.512045347189419;8.379782711384035;9.418989135569202;10.033065658951346;9.409541804440245;13.811998110533775;6.783183750590458;11.08171941426547;11.65800661313179;12.687765706188001;10.911667453944261;7.359470949456778;10.448748228625414;13.179026924893716;12.990080302314597;8.833254605573925;13.00897496457251;NA;8.238072744449692;9.163911195087387;9.23004251299008;9.49456778460085;10.628247520075579;11.195087387812942;10.95890410958904;NA;8.937175247992442;12.602739726027398;12.404345772319319;15.418044402456307;8.615965989607936;11.34624468587624;12.026452527161076;9.626830420406234;9.475673122342938;10.41095890410959;9.145016532829475;10.108644307982996;8.068020784128484;13.689182805857344;11.676901275389701;13.53802550779405;13.793103448275861;13.16957959376476;10.694378837978272;10.344827586206897;9.683514407179972;8.058573452999527;12.35710911667454;5.101558809636278;13.679735474728389;5.970713273500236;13.500236183278226;16.15493623051488;10.760510155880963;15.077940481813886;NA;15.181861124232404;11.015588096362777;8.379782711384035;9.749645725082665;NA;9.5701464336325;12.04534718941899;10.89277279168635;11.78082191780822;11.544638639584317;9.919697685403873;6.679263108171941;8.729333963155408;12.017005196032121;NA;10.590458195559755;7.765706188001889;7.765706188001889;11.752479924421351;12.026452527161076;8.068020784128484;9.551251771374588;8.946622579121398;NA;9.721303731695796;7.916863486065187;7.047709022201228;6.603684459140292;6.065186584789797
1988;NA;NA;NA;NA;NA;NA;NA;NA;NA;NA;NA;NA;NA;4.277369511965329;7.471264367816093;6.9342377991332205;6.68927831166384;5.012247974373469;6.48200489918975;5.91671377426041;5.794234030525721;5.511588468061052;NA;NA;4.7390239306576225;6.434897305445637;NA;4.192575843225928;4.654230261918221;7.95176182400603;8.72432636140946;5.83192010552101;4.578858111927643;5.153570755605803;6.274731486715658;NA;6.604484642924439;2.694554362163181;5.4173732805728285;4.767288486904088;NA;NA;NA;NA;NA;8.620689655172415;NA;NA;5.162992274354626;NA;9.393254192575844;8.52647446768419;3.2315809308460524;10.005652911249294;9.195402298850574;9.204823817599397;8.978707367627662;NA;11.550781986056153;8.743169398907105;5.690597324288675;3.825136612021858;NA;NA;NA;NA;NA;4.475221405690597;NA;4.230261918221218;5.728283399283965;6.0580365554927456;NA;5.643489730544564;4.880346711889957;6.500847936687395;7.998869417750141;7.4147352553231585;6.152251742980969;5.266628980591672;NA;4.409270774448841;8.865649142641793;3.2315809308460524;NA;NA;NA
1989;3.523854511100614;4.7803495512517715;7.614548889938592;7.368918280585735;6.339159187529524;3.391591875295229;9.626830420406234;4.411903637222485;8.530940009447331;9.447331128956069;8.908833254605574;6.896551724137931;4.534718941898914;4.922059518186113;4.6764289088332545;2.276806802078413;10.581010864430798;7.992442135096835;NA;6.169107227208313;7.784600850259801;4.9031648559282;5.38497874350496;4.222957014643363;9.248937175247992;5.092111478507322;5.69674067076051;4.553613604156825;4.884270193670289;6.405290505432215;7.557864903164855;5.8101086443079835;10.051960321209258;5.536136041568257;5.980160604629193;8.889938592347661;7.709022201228153;11.51629664619745;NA;NA;8.663202645252715;4.600850259801606;4.657534246575342;10.24090694378838;10.051960321209258;6.650921114785073;10.363722248464809;4.383561643835616;7.312234293811998;4.553613604156825;13.207368918280585;7.340576287198866;14.076523382144543;8.360888049126123;6.065186584789797;7.33112895606991;NA;6.405290505432215;NA;8.03023145961266;6.084081247047709;8.70099196976854;9.447331128956069;10.033065658951346;7.45394426074634;8.181388757675956;8.682097307510627;6.9154463863958435;7.047709022201228;7.23665564478035;9.966934341048654;9.863013698630137;NA;4.846480869154464;4.874822862541333;6.679263108171941;8.530940009447331;9.022201228153047;7.085498346717052;7.397260273972603;3.599433160132263;4.80869154463864;6.764289088332546;NA;3.807274444969296;4.600850259801606;3.8261691072272086
1990;3.675011809163911;2.947567312234294;5.233821445441663;8.96551724137931;5.895134624468588;5.488899385923476;5.630609352857817;2.947567312234294;3.6939064714218235;4.515824279641001;3.2687765706188006;2.711384034010392;1.6343882853094003;5.318847425602267;5.8667926310817196;NA;4.827586206896552;4.298535663675012;NA;4.534718941898914;5.063769485120454;7.71846953235711;5.7345299952763344;2.664147378365612;13.528578176665093;5.413320736891828;6.235238545111006;8.82380727444497;5.9234766178554565;6.622579121398204;9.022201228153047;8.984411903637222;13.112895606991026;10.080302314596127;7.142182333490789;7.06660368445914;6.575342465753424;NA;4.7614548889938595;NA;5.262163438828531;5.942371280113368;5.9140292867265;5.649504015115729;5.328294756731224;6.764289088332546;4.506376948512045;NA;1.8894662257912138;4.345772319319792;NA;5.980160604629193;3.7128011336797355;17.439773264052903;4.648086915446386;NA;12.130373169579594;3.3538025507794047;10.72272083136514;6.58478979688238;4.7614548889938595;9.30562116202173;NA;NA;7.321681624940954;NA;NA;3.5710911667453944;5.205479452054795;9.059990552668872;6.273027869626831;7.973547472838923;7.094945677846008;5.299952763344355;3.1365139348134154;4.950401511572981;7.652338214454417;7.482286254133208;7.406707605101559;7.614548889938592;4.581955597543693;3.863958431743032;6.121870571563534;NA;4.940954180444025;7.274444969296173;6.9910250354274925
1991;8.791208791208792;11.506849315068493;15.342465753424658;13.498622589531681;12.054794520547945;12.912087912087914;14.64088397790055;12.777777777777777;10.989010989010989;10.43956043956044;14.520547945205479;10.95890410958904;NA;12.602739726027398;12.534818941504177;NA;12.054794520547945;13.150684931506849;NA;12.912087912087914;13.698630136986301;12.07865168539326;10.46831955922865;7.9452054794520555;17.80821917808219;13.698630136986301;9.04109589041096;13.972602739726028;12.32876712328767;17.26027397260274;14.560439560439562;13.150684931506849;18.181818181818183;NA;12.876712328767123;11.506849315068493;14.520547945205479;11.506849315068493;12.32876712328767;15.342465753424658;15.659340659340659;12.32876712328767;13.972602739726028;11.813186813186812;12.602739726027398;17.12707182320442;20;12.876712328767123;11.232876712328768;12.054794520547945;12.181303116147308;10.136986301369863;12.32876712328767;19.45205479452055;10.684931506849315;13.972602739726028;19.726027397260275;16.986301369863014;NA;17.26027397260274;10.41095890410959;12.32876712328767;11.294765840220386;NA;17.032967032967033;NA;NA;11.506849315068493;15.469613259668508;10.95890410958904;17.26027397260274;17.26027397260274;18.08219178082192;9.58904109589041;12.876712328767123;11.232876712328768;NA;15.342465753424658;13.972602739726028;15.068493150684931;11.049723756906078;NA;NA;13.424657534246576;11.78082191780822;7.397260273972603;11.232876712328768
1992;8.493150684931507;5.205479452054795;7.923497267759563;6.043956043956044;7.123287671232877;4.931506849315069;6.336088154269973;2.459016393442623;5.737704918032787;3.0136986301369864;9.58904109589041;7.103825136612022;6.557377049180328;5.737704918032787;5.191256830601093;8.469945355191257;8.19672131147541;7.650273224043716;5.769230769230769;7.6923076923076925;4.371584699453552;7.162534435261708;6.301369863013699;7.9452054794520555;11.748633879781421;8.19672131147541;7.650273224043716;6.557377049180328;4.371584699453552;8.469945355191257;NA;NA;NA;13.661202185792352;5.205479452054795;6.557377049180328;6.0109289617486334;5.46448087431694;6.557377049180328;6.830601092896176;9.615384615384617;7.377049180327869;6.318681318681318;7.377049180327869;4.931506849315069;7.923497267759563;11.232876712328768;7.923497267759563;9.01639344262295;11.202185792349727;7.650273224043716;5.8171745152354575;7.377049180327869;2.185792349726776;9.01639344262295;NA;NA;10.92896174863388;13.114754098360656;9.01639344262295;11.475409836065573;6.301369863013699;6.906077348066299;5.785123966942149;6.9252077562326875;6.284153005464481;5.4945054945054945;4.098360655737705;5.191256830601093;9.836065573770492;5.46448087431694;4.918032786885246;8.19672131147541;4.644808743169399;5.769230769230769;5.191256830601093;NA;5.737704918032787;4.918032786885246;12.021857923497267;4.931506849315069;4.670329670329671;7.377049180327869;10.655737704918032;11.202185792349727;6.284153005464481;7.988980716253444
1993;8.539944903581267;7.988980716253444;9.04109589041096;7.417582417582418;7.18232044198895;5.7534246575342465;7.123287671232877;9.065934065934066;9.315068493150685;9.04109589041096;9.315068493150685;6.575342465753424;6.575342465753424;9.04109589041096;6.301369863013699;12.876712328767123;12.876712328767123;9.04109589041096;6.318681318681318;8.791208791208792;8.21917808219178;8.767123287671232;9.065934065934066;6.301369863013699;12.054794520547945;10.95890410958904;10.684931506849315;10.95890410958904;9.04109589041096;9.04109589041096;12.054794520547945;NA;NA;NA;7.123287671232877;8.493150684931507;8.21917808219178;6.027397260273973;7.123287671232877;6.8493150684931505;7.123287671232877;7.9452054794520555;9.366391184573002;8.493150684931507;9.065934065934066;8.21917808219178;8.241758241758241;9.863013698630137;8.493150684931507;4.657534246575342;8.767123287671232;7.6923076923076925;13.150684931506849;7.123287671232877;8.21917808219178;NA;8.493150684931507;12.054794520547945;9.04109589041096;10.41095890410959;12.054794520547945;10.136986301369863;6.575342465753424;7.9452054794520555;7.397260273972603;7.123287671232877;7.671232876712329;7.123287671232877;8.356545961002785;11.232876712328768;6.301369863013699;9.315068493150685;NA;7.397260273972603;8.21917808219178;5.47945205479452;8.767123287671232;8.21917808219178;6.301369863013699;14.794520547945206;9.04109589041096;11.506849315068493;9.863013698630137;14.246575342465754;6.575342465753424;8.86426592797784;7.397260273972603
1994;3.8356164383561646;4.931506849315069;6.906077348066299;5.7534246575342465;5.21978021978022;2.7548209366391188;2.7472527472527473;1.9178082191780823;4.7091412742382275;2.197802197802198;4.670329670329671;1.1111111111111112;1.6574585635359116;8.56353591160221;5.205479452054795;9.315068493150685;5.205479452054795;5.7534246575342465;6.593406593406594;6.6115702479338845;8.767123287671232;6.575342465753424;5.7534246575342465;4.931506849315069;7.123287671232877;6.043956043956044;3.5616438356164384;6.301369863013699;7.9452054794520555;7.671232876712329;NA;6.575342465753424;11.232876712328768;10.136986301369863;4.10958904109589;4.7091412742382275;6.027397260273973;5.205479452054795;4.657534246575342;5.47945205479452;6.027397260273973;4.657534246575342;5.205479452054795;4.931506849315069;4.931506849315069;1.1019283746556474;4.395604395604396;2.197802197802198;2.73972602739726;1.095890410958904;6.301369863013699;10.05586592178771;6.8493150684931505;NA;3.5616438356164384;5.7534246575342465;6.111111111111111;4.657534246575342;8.21917808219178;2.73972602739726;7.397260273972603;7.123287671232877;6.8493150684931505;6.027397260273973;6.8493150684931505;7.142857142857142;7.671232876712329;5.7534246575342465;5.7534246575342465;4.931506849315069;8.493150684931507;9.58904109589041;6.128133704735376;5.205479452054795;7.671232876712329;6.722689075630252;5.205479452054795;6.027397260273973;4.931506849315069;9.58904109589041;5.47945205479452;7.162534435261708;6.8493150684931505;NA;4.657534246575342;3.8461538461538463;4.132231404958678
1995;5.205479452054795;6.301369863013699;10.136986301369863;10.136986301369863;9.863013698630137;7.9452054794520555;8.21917808219178;7.6923076923076925;10.684931506849315;9.315068493150685;10.136986301369863;8.493150684931507;8.493150684931507;11.048158640226628;12.054794520547945;9.863013698630137;11.232876712328768;7.6923076923076925;3.8461538461538463;8.264462809917356;8.493150684931507;10.95890410958904;6.8493150684931505;6.8493150684931505;15.068493150684931;8.21917808219178;9.04109589041096;9.340659340659341;7.123287671232877;12.876712328767123;NA;NA;13.150684931506849;13.972602739726028;NA;11.232876712328768;7.671232876712329;7.9452054794520555;10.684931506849315;10.136986301369863;9.366391184573002;12.362637362637363;8.791208791208792;10.136986301369863;10.833333333333334;8.21917808219178;10.41095890410959;7.988980716253444;12.602739726027398;7.417582417582418;9.863013698630137;10.136986301369863;NA;8.21917808219178;10.684931506849315;6.027397260273973;9.58904109589041;13.150684931506849;NA;8.767123287671232;8.21917808219178;6.8493150684931505;6.027397260273973;4.383561643835616;5.47945205479452;5.769230769230769;6.906077348066299;5.47945205479452;5.769230769230769;9.04109589041096;7.123287671232877;NA;11.538461538461538;6.027397260273973;6.963788300835655;8.56353591160221;7.397260273972603;6.8493150684931505;6.575342465753424;12.32876712328767;8.493150684931507;9.315068493150685;11.232876712328768;NA;3.8461538461538463;5.524861878453039;3.8461538461538463
1996;9.58904109589041;7.9452054794520555;11.202185792349727;10.714285714285714;10.46831955922865;8.469945355191257;14.207650273224044;6.8493150684931505;9.01639344262295;10.136986301369863;9.836065573770492;10.92896174863388;9.289617486338798;NA;6.557377049180328;12.568306010928962;NA;8.743169398907105;7.6923076923076925;NA;8.469945355191257;8.21917808219178;11.78082191780822;9.863013698630137;17.759562841530055;10.655737704918032;7.650273224043716;12.568306010928962;13.387978142076504;9.562841530054644;16.39344262295082;NA;18.30601092896175;17.48633879781421;8.21917808219178;13.114754098360656;7.923497267759563;7.103825136612022;9.562841530054644;NA;15.890410958904111;10.655737704918032;9.289617486338798;13.972602739726028;12.021857923497267;8.469945355191257;12.295081967213115;7.923497267759563;13.934426229508196;6.557377049180328;10.10928961748634;8.743169398907105;NA;7.923497267759563;12.295081967213115;8.241758241758241;NA;13.661202185792352;NA;9.562841530054644;12.295081967213115;9.562841530054644;10.136986301369863;8.767123287671232;13.424657534246576;10.41095890410959;10.714285714285714;10.10928961748634;10.95890410958904;9.01639344262295;13.661202185792352;11.202185792349727;NA;10.382513661202186;11.538461538461538;NA;8.19672131147541;7.103825136612022;7.103825136612022;15.300546448087433;NA;12.054794520547945;7.650273224043716;17.21311475409836;10.382513661202186;6.575342465753424;10.684931506849315
1997;6.027397260273973;3.8356164383561646;6.179775280898876;3.8356164383561646;4.958677685950414;4.395604395604396;8.264462809917356;2.73972602739726;8.21917808219178;9.315068493150685;8.21917808219178;3.0136986301369864;6.868131868131869;7.417582417582418;NA;6.8493150684931505;9.58904109589041;3.5616438356164384;3.8567493112947657;NA;4.931506849315069;4.383561643835616;4.10958904109589;4.657534246575342;7.671232876712329;4.657534246575342;3.8356164383561646;4.657534246575342;5.263157894736842;5.47945205479452;6.301369863013699;4.931506849315069;7.671232876712329;7.123287671232877;NA;9.58904109589041;4.383561643835616;4.10958904109589;3.8356164383561646;7.397260273972603;7.123287671232877;4.986149584487535;4.657534246575342;9.315068493150685;NA;4.10958904109589;5.47945205479452;2.73972602739726;10.136986301369863;6.301369863013699;5.205479452054795;5.205479452054795;NA;4.10958904109589;7.123287671232877;3.0470914127423825;8.21917808219178;7.123287671232877;NA;3.5616438356164384;5.47945205479452;4.10958904109589;4.657534246575342;3.287671232876712;4.657534246575342;3.8356164383561646;5.205479452054795;4.657534246575342;5.205479452054795;4.10958904109589;5.47945205479452;6.027397260273973;5.58659217877095;5.7534246575342465;4.657534246575342;5.47945205479452;4.657534246575342;4.383561643835616;4.383561643835616;8.767123287671232;NA;5.205479452054795;5.205479452054795;7.9452054794520555;NA;3.0136986301369864;3.0136986301369864
1998;8.241758241758241;8.21917808219178;10.41095890410959;6.0606060606060606;8.539944903581267;8.493150684931507;8.493150684931507;6.8493150684931505;9.04109589041096;8.21917808219178;NA;8.21917808219178;5.4945054945054945;6.111111111111111;NA;9.315068493150685;9.863013698630137;9.315068493150685;10.95890410958904;NA;7.123287671232877;5.769230769230769;NA;7.397260273972603;11.78082191780822;10.136986301369863;8.21917808219178;6.027397260273973;8.791208791208792;10.95890410958904;13.186813186813188;8.767123287671232;13.424657534246576;11.506849315068493;7.142857142857142;13.972602739726028;5.205479452054795;7.9452054794520555;10.136986301369863;NA;11.232876712328768;6.027397260273973;9.04109589041096;11.813186813186812;9.863013698630137;8.767123287671232;10.43956043956044;8.493150684931507;7.9452054794520555;7.967032967032966;9.58904109589041;10.989010989010989;NA;NA;8.767123287671232;NA;9.863013698630137;NA;21.12676056338028;9.863013698630137;5.47945205479452;4.931506849315069;4.383561643835616;3.8356164383561646;NA;NA;NA;4.931506849315069;5.47945205479452;4.657534246575342;6.301369863013699;7.397260273972603;NA;6.027397260273973;5.248618784530387;6.8493150684931505;9.58904109589041;5.205479452054795;NA;10.136986301369863;NA;NA;9.04109589041096;15.068493150684931;7.303370786516854;4.657534246575342;3.571428571428571
1999;NA;NA;NA;4.843304843304843;NA;6.552706552706552;NA;NA;NA;NA;NA;NA;NA;6.963788300835655;6.8493150684931505;NA;8.767123287671232;10.136986301369863;7.9452054794520555;NA;NA;NA;NA;NA;14.246575342465754;11.78082191780822;9.315068493150685;7.671232876712329;13.736263736263737;11.232876712328768;12.32876712328767;6.8493150684931505;NA;13.150684931506849;NA;NA;9.863013698630137;7.9452054794520555;9.315068493150685;NA;NA;NA;6.722689075630252;NA;NA;9.090909090909092;NA;NA;6.0606060606060606;NA;NA;8.767123287671232;7.123287671232877;NA;9.04109589041096;11.602209944751381;7.9452054794520555;NA;9.863013698630137;7.417582417582418;5.4945054945054945;7.142857142857142;NA;NA;NA;NA;NA;4.444444444444445;NA;6.575342465753424;6.575342465753424;7.9452054794520555;NA;18.956043956043956;6.353591160220995;6.8493150684931505;8.493150684931507;6.027397260273973;NA;12.32876712328767;NA;NA;10.684931506849315;13.424657534246576;NA;NA;NA
2000;8.96358543417367;NA;NA;NA;NA;3.6414565826330536;NA;NA;3.9660056657223794;NA;NA;4.2492917847025495;NA;4.371584699453552;NA;3.825136612021858;5.46448087431694;7.650273224043716;NA;NA;5.46448087431694;NA;NA;NA;9.836065573770492;6.0109289617486334;6.0109289617486334;4.644808743169399;9.01639344262295;NA;7.377049180327869;4.098360655737705;8.19672131147541;9.01639344262295;NA;4.49438202247191;2.73224043715847;3.825136612021858;3.278688524590164;NA;NA;NA;4.843304843304843;4.178272980501393;NA;5.7534246575342465;5.337078651685393;3.910614525139665;4.644808743169399;4.225352112676056;6.284153005464481;5.737704918032787;5.46448087431694;3.551912568306011;4.972375690607735;6.557377049180328;7.967032967032966;NA;3.278688524590164;6.830601092896176;7.103825136612022;5.4945054945054945;NA;3.6414565826330536;NA;3.8461538461538463;NA;3.551912568306011;NA;7.103825136612022;3.825136612021858;4.918032786885246;NA;3.278688524590164;4.722222222222222;7.671232876712329;2.185792349726776;2.459016393442623;2.185792349726776;11.748633879781421;6.830601092896176;9.166666666666666;4.371584699453552;NA;NA;NA;2.2535211267605635
2001;6.027397260273973;6.301369863013699;9.668508287292818;NA;NA;6.027397260273973;NA;5.540166204986149;6.70391061452514;8.287292817679557;8.21917808219178;4.143646408839778;NA;3.5616438356164384;NA;NA;4.683195592286501;7.9452054794520555;NA;NA;NA;4.945054945054945;NA;6.0606060606060606;10.41095890410959;7.671232876712329;6.575342465753424;5.7534246575342465;14.520547945205479;NA;10.136986301369863;8.767123287671232;10.684931506849315;12.054794520547945;6.043956043956044;8.791208791208792;6.8493150684931505;4.657534246575342;7.671232876712329;NA;7.671232876712329;4.670329670329671;NA;5.234159779614325;8.81542699724518;7.6923076923076925;7.671232876712329;6.301369863013699;4.10958904109589;3.571428571428571;6.301369863013699;NA;9.04109589041096;5.7534246575342465;9.315068493150685;NA;6.027397260273973;NA;NA;8.767123287671232;7.162534435261708;6.027397260273973;3.0136986301369864;5.47945205479452;6.027397260273973;3.8356164383561646;4.670329670329671;6.027397260273973;2.7548209366391188;7.123287671232877;4.657534246575342;5.7534246575342465;NA;4.10958904109589;3.418803418803419;4.40771349862259;6.301369863013699;3.8356164383561646;4.383561643835616;10.684931506849315;NA;NA;8.767123287671232;NA;4.1208791208791204;3.287671232876712;3.296703296703297
2002;9.315068493150685;5.540166204986149;6.8493150684931505;NA;NA;3.8567493112947657;6.301369863013699;7.142857142857142;7.967032967032966;6.868131868131869;NA;7.222222222222221;6.575342465753424;4.10958904109589;6.027397260273973;NA;7.397260273972603;7.123287671232877;7.43801652892562;5.555555555555555;NA;12.912087912087914;4.7091412742382275;10.684931506849315;6.027397260273973;6.301369863013699;5.21978021978022;6.575342465753424;11.84573002754821;9.497206703910614;NA;4.383561643835616;9.04109589041096;6.575342465753424;7.123287671232877;8.767123287671232;8.21917808219178;6.868131868131869;7.9452054794520555;NA;7.967032967032966;8.241758241758241;7.479224376731302;7.6923076923076925;8.493150684931507;9.615384615384617;9.04109589041096;4.657534246575342;5.7534246575342465;4.683195592286501;7.123287671232877;7.397260273972603;6.027397260273973;NA;NA;NA;5.47945205479452;11.506849315068493;9.315068493150685;6.906077348066299;7.9452054794520555;6.301369863013699;NA;4.395604395604396;3.8356164383561646;5.205479452054795;4.815864022662889;4.10958904109589;5.47945205479452;5.7534246575342465;6.301369863013699;7.417582417582418;NA;5.47945205479452;5.352112676056338;5.769230769230769;NA;3.287671232876712;4.657534246575342;8.767123287671232;4.972375690607735;5.7534246575342465;5.47945205479452;NA;4.178272980501393;5.769230769230769;3.8461538461538463
2003;5.4945054945054945;5.056179775280898;9.340659340659341;NA;NA;NA;6.043956043956044;4.1208791208791204;10.989010989010989;9.615384615384617;8.791208791208792;5.056179775280898;3.867403314917127;5.205479452054795;4.683195592286501;9.863013698630137;NA;6.575342465753424;9.315068493150685;6.593406593406594;10.192837465564738;24.45054945054945;NA;NA;13.424657534246576;19.17808219178082;7.397260273972603;22.19178082191781;19.72222222222222;14.835164835164836;12.054794520547945;8.767123287671232;10.41095890410959;NA;8.241758241758241;12.672176308539946;12.876712328767123;7.671232876712329;7.671232876712329;9.04109589041096;6.906077348066299;4.132231404958678;6.353591160220995;8.310249307479225;9.917355371900827;9.340659340659341;13.186813186813188;9.668508287292818;12.087912087912088;11.538461538461538;4.10958904109589;7.123287671232877;5.205479452054795;9.58904109589041;15.23545706371191;23.56164383561644;NA;11.78082191780822;20.82191780821918;12.876712328767123;5.7534246575342465;5.234159779614325;5.540166204986149;4.945054945054945;5.769230769230769;5.769230769230769;6.128133704735376;4.383561643835616;5.234159779614325;6.8493150684931505;6.8493150684931505;5.5096418732782375;NA;4.657534246575342;7.671232876712329;6.575342465753424;4.931506849315069;4.383561643835616;5.205479452054795;9.315068493150685;9.065934065934066;11.019283746556475;NA;11.78082191780822;4.143646408839778;6.0606060606060606;NA
2004;4.371584699453552;8.469945355191257;10.92896174863388;7.123287671232877;7.377049180327869;4.644808743169399;4.918032786885246;5.234159779614325;8.469945355191257;8.56353591160221;5.46448087431694;6.284153005464481;3.825136612021858;4.098360655737705;6.094182825484765;8.19672131147541;8.469945355191257;10.92896174863388;11.78082191780822;7.671232876712329;NA;21.311475409836063;10.382513661202186;9.289617486338798;12.295081967213115;21.85792349726776;9.562841530054644;22.404371584699454;22.465753424657535;15.890410958904111;15.890410958904111;NA;16.120218579234972;15.027322404371585;7.103825136612022;6.301369863013699;10.92896174863388;7.377049180327869;9.289617486338798;10.92896174863388;6.830601092896176;10.714285714285714;6.318681318681318;6.0109289617486334;10.10928961748634;9.836065573770492;12.568306010928962;5.191256830601093;6.557377049180328;6.830601092896176;6.094182825484765;7.756232686980609;7.262569832402235;10.10928961748634;12.295081967213115;17.21311475409836;NA;8.743169398907105;13.661202185792352;14.48087431693989;7.650273224043716;9.01639344262295;6.575342465753424;7.377049180327869;7.377049180327869;4.657534246575342;6.0109289617486334;3.551912568306011;5.46448087431694;6.830601092896176;8.469945355191257;7.9452054794520555;9.836065573770492;5.46448087431694;6.0109289617486334;7.417582417582418;NA;7.397260273972603;4.644808743169399;12.841530054644808;8.493150684931507;15.846994535519126;NA;16.666666666666664;4.918032786885246;8.81542699724518;NA
2005;7.6923076923076925;11.263736263736265;16.208791208791208;13.461538461538462;13.736263736263737;7.967032967032966;8.81542699724518;10.192837465564738;10.164835164835164;10.164835164835164;11.263736263736265;10.743801652892563;7.967032967032966;7.123287671232877;10.714285714285714;16.71232876712329;8.493150684931507;13.150684931506849;16.164383561643834;11.506849315068493;13.972602739726028;23.9010989010989;21.428571428571427;9.615384615384617;16.71232876712329;28.493150684931507;11.232876712328768;25.753424657534246;21.91780821917808;18.23204419889503;NA;NA;NA;15.616438356164384;10.43956043956044;11.263736263736265;17.26027397260274;NA;13.424657534246576;12.876712328767123;12.637362637362637;15.659340659340659;10.164835164835164;13.186813186813188;NA;15.616438356164384;16.483516483516482;14.560439560439562;9.863013698630137;14.325068870523417;11.538461538461538;12.947658402203857;11.813186813186812;14.520547945205479;17.534246575342465;21.095890410958905;NA;14.794520547945206;15.068493150684931;NA;8.767123287671232;11.232876712328768;9.065934065934066;8.241758241758241;10.714285714285714;9.615384615384617;12.087912087912088;6.575342465753424;9.065934065934066;9.04109589041096;9.863013698630137;8.539944903581267;NA;6.301369863013699;7.671232876712329;9.89010989010989;8.21917808219178;8.767123287671232;9.04109589041096;13.972602739726028;13.498622589531681;18.681318681318682;NA;21.329639889196674;10.743801652892563;8.938547486033519;9.89010989010989
2006;4.657534246575342;3.571428571428571;5.785123966942149;3.5616438356164384;6.593406593406594;4.10958904109589;3.943661971830986;5.801104972375691;6.906077348066299;6.906077348066299;6.8493150684931505;5.4945054945054945;2.7548209366391188;7.9452054794520555;3.296703296703297;12.876712328767123;8.767123287671232;5.7534246575342465;5.4945054945054945;4.383561643835616;6.575342465753424;16.483516483516482;16.298342541436465;3.0136986301369864;8.767123287671232;19.726027397260275;4.931506849315069;20;13.150684931506849;10.955056179775282;10.86350974930362;4.383561643835616;NA;NA;4.945054945054945;6.575342465753424;5.205479452054795;NA;8.767123287671232;7.671232876712329;4.40771349862259;5.540166204986149;10.989010989010989;8.539944903581267;8.767123287671232;7.397260273972603;9.315068493150685;6.575342465753424;7.123287671232877;7.123287671232877;6.575342465753424;6.027397260273973;6.575342465753424;6.575342465753424;12.813370473537605;12.876712328767123;NA;NA;7.671232876712329;11.506849315068493;4.10958904109589;3.8356164383561646;3.287671232876712;3.8461538461538463;4.931506849315069;6.575342465753424;7.162534435261708;5.47945205479452;5.7534246575342465;6.301369863013699;4.507042253521127;NA;6.70391061452514;3.8356164383561646;6.887052341597796;7.142857142857142;3.287671232876712;5.7534246575342465;4.10958904109589;NA;6.336088154269973;10.41095890410959;NA;12.32876712328767;2.7472527472527473;4.383561643835616;2.7472527472527473
2007;6.0606060606060606;7.142857142857142;6.6115702479338845;5.769230769230769;6.043956043956044;5.21978021978022;6.983240223463687;6.6115702479338845;9.615384615384617;6.336088154269973;5.084745762711865;5.801104972375691;5.4945054945054945;4.383561643835616;6.8493150684931505;8.767123287671232;9.58904109589041;7.9452054794520555;7.6923076923076925;7.123287671232877;8.767123287671232;12.121212121212121;11.602209944751381;4.945054945054945;8.767123287671232;14.520547945205479;6.8493150684931505;15.068493150684931;9.58904109589041;9.863013698630137;NA;NA;9.615384615384617;NA;8.516483516483516;8.539944903581267;5.785123966942149;NA;NA;NA;7.417582417582418;8.516483516483516;8.791208791208792;9.065934065934066;NA;9.366391184573002;12.637362637362637;5.4945054945054945;5.21978021978022;8.791208791208792;8.493150684931507;8.493150684931507;NA;8.767123287671232;11.232876712328768;11.32596685082873;NA;7.9452054794520555;8.56353591160221;8.767123287671232;4.395604395604396;3.571428571428571;NA;4.1208791208791204;3.8567493112947657;5.524861878453039;4.670329670329671;2.7624309392265194;4.395604395604396;4.657534246575342;4.383561643835616;5.277777777777778;6.301369863013699;2.73972602739726;3.8356164383561646;4.657534246575342;6.027397260273973;4.931506849315069;7.458563535911603;NA;6.077348066298343;9.917355371900827;NA;NA;6.027397260273973;7.397260273972603;4.383561643835616
2008;4.383561643835616;4.098360655737705;9.289617486338798;5.737704918032787;4.383561643835616;3.278688524590164;1.9178082191780823;3.296703296703297;6.8493150684931505;7.123287671232877;5.46448087431694;3.278688524590164;2.191780821917808;5.737704918032787;4.644808743169399;3.278688524590164;5.737704918032787;6.0109289617486334;7.923497267759563;4.371584699453552;6.284153005464481;17.759562841530055;14.049586776859504;6.830601092896176;11.202185792349727;16.939890710382514;6.557377049180328;17.759562841530055;13.934426229508196;9.562841530054644;NA;NA;13.934426229508196;12.295081967213115;8.469945355191257;6.575342465753424;7.123287671232877;6.0109289617486334;7.9452054794520555;NA;6.830601092896176;4.657534246575342;6.284153005464481;7.103825136612022;7.9452054794520555;6.830601092896176;10.382513661202186;7.377049180327869;6.593406593406594;4.098360655737705;6.0109289617486334;6.830601092896176;5.191256830601093;6.284153005464481;5.737704918032787;6.830601092896176;5.46448087431694;7.377049180327869;8.469945355191257;7.650273224043716;5.205479452054795;5.47945205479452;4.670329670329671;2.185792349726776;3.551912568306011;3.278688524590164;3.278688524590164;3.278688524590164;2.459016393442623;6.557377049180328;3.825136612021858;5.47945205479452;5.191256830601093;5.191256830601093;3.0054644808743167;4.10958904109589;NA;NA;4.918032786885246;NA;4.918032786885246;8.19672131147541;6.3711911357340725;8.743169398907105;3.0054644808743167;3.5616438356164384;2.4725274725274726
2009;6.575342465753424;4.1208791208791204;8.493150684931507;6.575342465753424;7.397260273972603;4.657534246575342;2.73972602739726;7.397260273972603;7.671232876712329;9.863013698630137;8.493150684931507;4.10958904109589;2.4657534246575343;5.7534246575342465;5.7534246575342465;8.767123287671232;7.123287671232877;7.671232876712329;6.575342465753424;4.657534246575342;6.027397260273973;24.858757062146893;16.43835616438356;7.142857142857142;11.506849315068493;20.82191780821918;6.301369863013699;23.835616438356162;15.068493150684931;9.863013698630137;NA;NA;14.794520547945206;NA;7.123287671232877;5.205479452054795;7.479224376731302;6.575342465753424;7.417582417582418;6.301369863013699;7.9452054794520555;6.575342465753424;6.593406593406594;NA;8.493150684931507;15.384615384615385;13.424657534246576;15.068493150684931;3.5616438356164384;11.78082191780822;7.123287671232877;5.7534246575342465;8.21917808219178;5.47945205479452;12.602739726027398;13.424657534246576;8.493150684931507;14.520547945205479;15.890410958904111;12.602739726027398;6.8493150684931505;7.142857142857142;5.205479452054795;3.5616438356164384;5.7534246575342465;3.287671232876712;1.9178082191780823;3.8356164383561646;6.027397260273973;6.027397260273973;6.575342465753424;6.478873239436619;7.9452054794520555;3.8356164383561646;5.205479452054795;4.657534246575342;NA;NA;NA;9.89010989010989;7.6923076923076925;11.232876712328768;8.146067415730338;12.602739726027398;4.657534246575342;1.643835616438356;3.287671232876712
2010;10.684931506849315;9.315068493150685;14.246575342465754;9.04109589041096;7.671232876712329;4.657534246575342;3.5616438356164384;8.493150684931507;7.397260273972603;9.863013698630137;9.04109589041096;5.205479452054795;2.479338842975207;7.397260273972603;6.8493150684931505;19.45205479452055;7.671232876712329;14.246575342465754;15.890410958904111;10.136986301369863;14.794520547945206;27.671232876712327;23.835616438356162;13.972602739726028;16.164383561643834;26.575342465753426;14.246575342465754;31.780821917808222;21.36986301369863;18.356164383561644;NA;NA;NA;18.63013698630137;10.95890410958904;7.671232876712329;NA;11.1731843575419;13.714285714285715;NA;11.506849315068493;8.767123287671232;6.575342465753424;NA;10.714285714285714;11.506849315068493;14.794520547945206;13.698630136986301;6.027397260273973;10.714285714285714;9.315068493150685;10.684931506849315;8.767123287671232;7.123287671232877;13.424657534246576;9.863013698630137;9.04109589041096;13.698630136986301;6.8493150684931505;12.602739726027398;11.232876712328768;10.41095890410959;9.340659340659341;6.8493150684931505;8.767123287671232;7.671232876712329;6.027397260273973;6.593406593406594;7.671232876712329;10.41095890410959;12.876712328767123;NA;14.246575342465754;7.397260273972603;8.287292817679557;9.04109589041096;10.027855153203342;8.635097493036211;8.033240997229916;15.363128491620111;12.602739726027398;17.80821917808219;NA;NA;7.9452054794520555;3.287671232876712;4.931506849315069
2011;5.7534246575342465;2.4657534246575343;4.10958904109589;3.977272727272727;5.47945205479452;1.643835616438356;1.36986301369863;5.47945205479452;6.301369863013699;7.397260273972603;6.027397260273973;3.0136986301369864;2.2346368715083798;2.4657534246575343;5.205479452054795;15.616438356164384;5.8495821727019495;4.10958904109589;6.575342465753424;4.670329670329671;5.205479452054795;11.538461538461538;12.637362637362637;4.931506849315069;4.657534246575342;12.054794520547945;5.205479452054795;12.876712328767123;13.535911602209943;9.04109589041096;NA;NA;NA;7.142857142857142;5.7534246575342465;4.383561643835616;5.769230769230769;6.868131868131869;8.21917808219178;3.5616438356164384;4.10958904109589;4.657534246575342;4.383561643835616;NA;NA;7.123287671232877;10.41095890410959;8.767123287671232;6.575342465753424;7.9452054794520555;5.47945205479452;5.47945205479452;6.027397260273973;5.769230769230769;6.027397260273973;9.04109589041096;10.41095890410959;9.863013698630137;6.575342465753424;8.493150684931507;3.5616438356164384;3.0136986301369864;4.1208791208791204;2.191780821917808;2.4657534246575343;3.287671232876712;NA;2.191780821917808;3.287671232876712;2.73972602739726;4.657534246575342;NA;4.657534246575342;2.191780821917808;2.73972602739726;2.197802197802198;3.8356164383561646;3.5616438356164384;4.931506849315069;4.5584045584045585;3.296703296703297;5.205479452054795;NA;NA;2.4657534246575343;2.4657534246575343;2.197802197802198
2012;6.830601092896176;6.557377049180328;9.836065573770492;7.734806629834254;7.923497267759563;6.0109289617486334;4.958677685950414;5.205479452054795;7.650273224043716;9.01639344262295;4.098360655737705;3.551912568306011;3.296703296703297;7.650273224043716;7.650273224043716;10.655737704918032;NA;9.01639344262295;10.382513661202186;8.19672131147541;8.469945355191257;18.852459016393443;15.10989010989011;7.123287671232877;12.568306010928962;17.759562841530055;7.923497267759563;22.950819672131146;16.120218579234972;11.475409836065573;NA;12.676056338028168;NA;11.797752808988763;7.103825136612022;6.284153005464481;7.377049180327869;7.377049180327869;7.671232876712329;3.825136612021858;7.923497267759563;7.377049180327869;7.923497267759563;NA;8.743169398907105;9.01639344262295;8.19672131147541;5.46448087431694;6.0109289617486334;5.737704918032787;8.19672131147541;8.19672131147541;9.01639344262295;5.46448087431694;9.01639344262295;14.48087431693989;6.0606060606060606;NA;11.748633879781421;10.10928961748634;8.19672131147541;7.103825136612022;8.19672131147541;7.650273224043716;6.284153005464481;6.0109289617486334;5.46448087431694;7.377049180327869;5.737704918032787;7.650273224043716;6.318681318681318;10.112359550561797;7.650273224043716;5.46448087431694;6.0606060606060606;7.650273224043716;6.8493150684931505;7.671232876712329;6.575342465753424;9.94475138121547;7.377049180327869;9.836065573770492;8.743169398907105;NA;5.46448087431694;4.918032786885246;4.657534246575342
2013;7.9452054794520555;5.47945205479452;7.671232876712329;7.671232876712329;8.21917808219178;5.205479452054795;3.8356164383561646;5.7534246575342465;3.8356164383561646;4.931506849315069;3.287671232876712;4.986149584487535;6.6115702479338845;7.142857142857142;6.575342465753424;7.397260273972603;3.287671232876712;8.241758241758241;10.41095890410959;5.785123966942149;10.136986301369863;21.703296703296704;21.36986301369863;6.301369863013699;13.424657534246576;21.095890410958905;9.315068493150685;22.19178082191781;21.21212121212121;11.506849315068493;NA;NA;19.444444444444446;NA;5.47945205479452;5.47945205479452;NA;7.671232876712329;9.58904109589041;NA;6.8493150684931505;6.301369863013699;7.123287671232877;NA;4.383561643835616;10.164835164835164;5.47945205479452;12.054794520547945;5.47945205479452;3.287671232876712;9.366391184573002;7.9452054794520555;9.615384615384617;4.657534246575342;17.26027397260274;10.41095890410959;7.397260273972603;NA;8.767123287671232;8.493150684931507;7.9452054794520555;8.767123287671232;9.863013698630137;NA;9.863013698630137;6.575342465753424;8.21917808219178;9.863013698630137;5.7534246575342465;6.301369863013699;7.397260273972603;10.704225352112676;10.277777777777777;5.205479452054795;6.9252077562326875;7.671232876712329;5.7534246575342465;5.7534246575342465;5.47945205479452;9.192200557103064;8.539944903581267;12.637362637362637;6.887052341597796;15.625;6.575342465753424;3.8356164383561646;4.383561643835616
2014;3.8356164383561646;3.5616438356164384;3.8356164383561646;6.027397260273973;5.47945205479452;3.0136986301369864;3.0136986301369864;3.0303030303030303;4.657534246575342;4.383561643835616;3.8356164383561646;3.8461538461538463;1.095890410958904;3.5616438356164384;1.6574585635359116;4.41988950276243;NA;4.931506849315069;4.931506849315069;4.657534246575342;7.123287671232877;9.89010989010989;11.813186813186812;3.5616438356164384;6.301369863013699;11.232876712328768;3.287671232876712;10.684931506849315;13.424657534246576;5.7534246575342465;NA;5.056179775280898;11.019283746556475;NA;4.657534246575342;NA;4.670329670329671;7.397260273972603;5.524861878453039;7.988980716253444;6.027397260273973;5.7534246575342465;3.5616438356164384;NA;6.575342465753424;4.383561643835616;4.10958904109589;2.4657534246575343;1.9178082191780823;2.4657534246575343;4.696132596685083;3.581267217630854;NA;NA;1.643835616438356;6.301369863013699;4.383561643835616;NA;5.7534246575342465;1.9178082191780823;3.287671232876712;3.287671232876712;2.73972602739726;NA;3.5616438356164384;3.5616438356164384;3.5616438356164384;3.0136986301369864;3.0136986301369864;3.287671232876712;2.7624309392265194;NA;3.867403314917127;3.5616438356164384;2.191780821917808;NA;4.1208791208791204;3.8356164383561646;4.383561643835616;5.58659217877095;NA;4.657534246575342;5.248618784530387;6.027397260273973;3.0136986301369864;2.73972602739726;2.191780821917808
2015;3.0136986301369864;2.191780821917808;5.47945205479452;4.383561643835616;4.10958904109589;2.191780821917808;1.643835616438356;2.7472527472527473;4.383561643835616;3.5616438356164384;3.8356164383561646;3.571428571428571;1.9178082191780823;2.73972602739726;4.383561643835616;4.43213296398892;NA;4.10958904109589;4.657534246575342;3.8356164383561646;6.301369863013699;13.424657534246576;9.315068493150685;4.383561643835616;7.123287671232877;13.972602739726028;4.383561643835616;12.876712328767123;11.78082191780822;8.767123287671232;9.577464788732394;5.8495821727019495;11.38888888888889;NA;6.301369863013699;4.931506849315069;5.21978021978022;6.214689265536723;8.21917808219178;6.64819944598338;4.383561643835616;5.524861878453039;6.8493150684931505;NA;3.954802259887006;6.442577030812324;4.10958904109589;4.383561643835616;6.027397260273973;4.657534246575342;5.21978021978022;7.123287671232877;4.395604395604396;3.1073446327683616;NA;NA;NA;NA;NA;NA;3.0136986301369864;1.9178082191780823;3.3426183844011144;NA;3.0136986301369864;1.9178082191780823;2.191780821917808;2.191780821917808;2.191780821917808;1.643835616438356;2.73972602739726;2.7472527472527473;3.8356164383561646;1.643835616438356;1.095890410958904;NA;4.166666666666666;3.591160220994475;3.314917127071823;3.35195530726257;2.4657534246575343;8.767123287671232;5.769230769230769;11.232876712328768;1.9178082191780823;4.931506849315069;2.479338842975207
2016;3.8356164383561646;2.191780821917808;3.5616438356164384;5.234159779614325;3.8356164383561646;1.36986301369863;1.9230769230769231;3.8356164383561646;5.7534246575342465;5.205479452054795;6.575342465753424;NA;3.287671232876712;3.0054644808743167;3.278688524590164;NA;NA;4.683195592286501;3.0054644808743167;3.825136612021858;3.551912568306011;15.068493150684931;14.246575342465754;2.4861878453038675;10.10928961748634;16.39344262295082;4.644808743169399;13.661202185792352;12.568306010928962;6.830601092896176;12.568306010928962;8.19672131147541;11.475409836065573;6.666666666666667;4.657534246575342;6.0109289617486334;5.263157894736842;NA;6.284153005464481;6.830601092896176;2.4657534246575343;6.0606060606060606;6.8493150684931505;NA;6.8493150684931505;4.1208791208791204;3.5616438356164384;3.0136986301369864;5.47945205479452;2.824858757062147;3.825136612021858;5.46448087431694;5.191256830601093;NA;2.73972602739726;8.493150684931507;3.0136986301369864;NA;7.162534435261708;4.143646408839778;3.0136986301369864;3.287671232876712;NA;NA;3.8356164383561646;2.73972602739726;2.7472527472527473;1.9178082191780823;4.10958904109589;3.825136612021858;3.5616438356164384;4.683195592286501;5.47945205479452;1.912568306010929;2.73224043715847;2.459016393442623;4.143646408839778;3.551912568306011;3.825136612021858;5.4945054945054945;3.8356164383561646;7.123287671232877;6.557377049180328;8.516483516483516;1.639344262295082;3.0054644808743167;1.366120218579235
2017;1.6483516483516485;1.9230769230769231;4.670329670329671;NA;2.7472527472527473;2.7472527472527473;5.21978021978022;4.1208791208791204;5.769230769230769;5.769230769230769;6.593406593406594;6.043956043956044;3.8461538461538463;1.9337016574585635;5.205479452054795;6.6115702479338845;4.931506849315069;3.287671232876712;4.657534246575342;2.73972602739726;5.7534246575342465;19.94459833795014;17.307692307692307;4.395604395604396;10.684931506849315;19.17808219178082;5.7534246575342465;16.43835616438356;14.246575342465754;8.493150684931507;12.054794520547945;10.335195530726256;11.570247933884298;8.241758241758241;6.593406593406594;6.043956043956044;NA;6.887052341597796;7.7134986225895315;NA;5.769230769230769;5.21978021978022;6.043956043956044;NA;6.3711911357340725;5.769230769230769;6.043956043956044;7.967032967032966;4.1208791208791204;NA;4.10958904109589;5.47945205479452;5.47945205479452;3.867403314917127;7.123287671232877;NA;5.47945205479452;7.123287671232877;9.863013698630137;10.136986301369863;2.4725274725274726;1.6483516483516485;NA;3.8461538461538463;2.203856749311295;3.296703296703297;2.785515320334262;2.7472527472527473;0.8241758241758242;3.0136986301369864;2.197802197802198;2.4725274725274726;2.4725274725274726;3.287671232876712;3.6111111111111107;3.571428571428571;2.7548209366391188;2.7700831024930745;1.3966480446927374;5.7534246575342465;3.581267217630854;9.340659340659341;NA;11.506849315068493;3.8461538461538463;4.945054945054945;2.7472527472527473
2018;3.6312849162011176;3.6211699164345403;6.179775280898876;NA;3.081232492997199;2.2408963585434174;1.9553072625698324;3.35195530726257;4.481792717086835;4.178272980501393;4.4692737430167595;5.084745762711865;2.5210084033613445;3.287671232876712;4.383561643835616;NA;4.10958904109589;5.205479452054795;7.123287671232877;4.657534246575342;9.315068493150685;12.885154061624648;13.725490196078432;5.865921787709497;8.767123287671232;17.534246575342465;3.5616438356164384;15.342465753424658;13.812154696132598;9.04109589041096;14.520547945205479;10.41095890410959;13.725490196078432;6.111111111111111;5.58659217877095;6.179775280898876;6.741573033707865;6.336088154269973;7.479224376731302;7.988980716253444;5.027932960893855;4.735376044568245;4.189944134078212;NA;NA;4.178272980501393;5.027932960893855;5.8495821727019495;1.392757660167131;NA;4.657534246575342;6.301369863013699;4.931506849315069;2.7777777777777777;14.246575342465754;8.767123287671232;6.8493150684931505;4.931506849315069;3.5616438356164384;7.671232876712329;4.735376044568245;4.4692737430167595;5.681818181818182;6.424581005586592;4.456824512534819;2.793296089385475;2.785515320334262;4.178272980501393;4.735376044568245;2.4657534246575343;6.0606060606060606;6.318681318681318;7.43801652892562;2.73972602739726;4.657534246575342;NA;4.40771349862259;4.40771349862259;3.8567493112947657;4.931506849315069;4.815864022662889;6.983240223463687;3.287671232876712;10.140845070422536;3.3057851239669422;3.571428571428571;2.73972602739726
2019;2.4930747922437675;3.32409972299169;5.540166204986149;4.1551246537396125;5.540166204986149;5;2.21606648199446;5.263157894736842;5.263157894736842;6.9252077562326875;7.5;8.356545961002785;6.64819944598338;NA;5.47945205479452;5.785123966942149;6.575342465753424;4.10958904109589;4.931506849315069;4.945054945054945;5.7534246575342465;16.666666666666664;14.681440443213297;3.6011080332409975;11.84573002754821;18.181818181818183;5.8495821727019495;16.986301369863014;10.989010989010989;7.397260273972603;12.054794520547945;9.315068493150685;15.32033426183844;8.86426592797784;4.7091412742382275;4.735376044568245;7.222222222222221;7.43801652892562;4.132231404958678;8.264462809917356;4.986149584487535;6.64819944598338;7.458563535911603;NA;9.97229916897507;11.634349030470915;8.587257617728532;10.249307479224377;2.4930747922437675;3.8781163434903045;6.301369863013699;7.123287671232877;6.575342465753424;2.8169014084507045;4.383561643835616;NA;NA;11.78082191780822;6.8493150684931505;12.054794520547945;3.0470914127423825;NA;3.064066852367688;3.32409972299169;3.6011080332409975;2.21606648199446;3.6011080332409975;3.8781163434903045;4.1551246537396125;4.383561643835616;4.972375690607735;NA;NA;3.0136986301369864;3.571428571428571;5.47945205479452;3.3057851239669422;4.41988950276243;3.8567493112947657;7.671232876712329;3.6312849162011176;10.220994475138122;7.18232044198895;13.40782122905028;3.6011080332409975;4.7091412742382275;3.8781163434903045
2020;2.185792349726776;3.0054644808743167;4.098360655737705;3.551912568306011;3.314917127071823;5.191256830601093;1.6483516483516485;4.371584699453552;4.371584699453552;4.098360655737705;3.287671232876712;NA;1.643835616438356;NA;4.371584699453552;5.027932960893855;3.278688524590164;3.825136612021858;4.644808743169399;5.191256830601093;NA;12.841530054644808;14.207650273224044;1.680672268907563;9.01639344262295;13.661202185792352;3.0054644808743167;13.934426229508196;9.89010989010989;6.557377049180328;8.493150684931507;6.868131868131869;11.944444444444445;6.0606060606060606;3.551912568306011;6.284153005464481;4.395604395604396;4.657534246575342;3.0054644808743167;6.557377049180328;3.825136612021858;3.825136612021858;5.46448087431694;6.284153005464481;4.644808743169399;3.825136612021858;4.371584699453552;5.191256830601093;2.185792349726776;2.185792349726776;4.371584699453552;3.825136612021858;3.278688524590164;4.10958904109589;1.092896174863388;NA;NA;NA;5.737704918032787;4.644808743169399;3.551912568306011;3.278688524590164;3.278688524590164;4.098360655737705;3.0054644808743167;1.366120218579235;1.366120218579235;3.551912568306011;4.098360655737705;3.278688524590164;NA;4.644808743169399;NA;1.639344262295082;2.185792349726776;NA;3.551912568306011;4.657534246575342;3.8356164383561646;4.918032786885246;4.098360655737705;9.01639344262295;5.737704918032787;10.86350974930362;5.191256830601093;2.73224043715847;3.0054644808743167
