yy,aeronautica_6779,aeronautica_6797,aeronautica_6803,aeronautica_6851,friuliveneziagiulia_20,marche_108,marche_110,marche_701,toscana_72,aeronautica_6693,aeronautica_6697,aeronautica_6865,bolzano_39,lazio_388,toscana_25,trentino_6511,aeronautica_6707,aeronautica_6718,aeronautica_6720,aeronautica_6723,aeronautica_6733,emiliaromagna_12702,friuliveneziagiulia_39,marche_152,aeronautica_6709,aeronautica_6782,aeronautica_6826,marche_104,trentino_6509,trentino_6564,trentino_6640,aeronautica_6771,aeronautica_6794,aeronautica_6817,aeronautica_6827,aeronautica_6834,aeronautica_6841,aeronautica_6850,aeronautica_6856,aeronautica_6869,aeronautica_6874,aeronautica_6881,aeronautica_6897,aeronautica_6901,lazio_289,marche_25,sicilia_11812,sicilia_11825,sicilia_11882,aeronautica_6691,aeronautica_6692,aeronautica_6919,aeronautica_6922
1961,NA,-3.62,-5.88,-2.39,-2.63,-2.73,-4.14,-4.92,0.6900000000000004,NA,2.04,NA,-3.24,0.1200000000000001,-4.17,NA,NA,NA,-3.96,-3.62,NA,-3.87,-3.62,-4.92,-5.86,-4.34,1.58,-5.07,NA,-7.21,-3.5,NA,-3.07,-3.89,NA,-2.76,0.5899999999999999,1.3899999999999997,-1.9,0.3899999999999997,-2.96,-4.04,-1.93,-2.75,2,-3.66,1.4100000000000001,NA,-8.19,-6.48,-5.5,NA,-3.96
1962,NA,NA,0.1200000000000001,3.61,9.370000000000001,3.27,10.86,9.08,7.69,NA,2.04,NA,NA,6.12,13.83,8.43,NA,NA,-3.96,10.379999999999999,NA,7.13,2.38,11.08,3.1399999999999997,NA,18.58,3.9299999999999997,9.92,15.79,11.5,NA,2.93,3.11,NA,11.24,10.59,15.39,4.1,14.39,-2.96,9.96,NA,-2.75,-4,13.34,1.4100000000000001,13.86,NA,15.52,10.5,-2.81,20.04
1963,NA,10.379999999999999,8.120000000000001,4.609999999999999,10.370000000000001,3.27,8.86,17.08,11.690000000000001,NA,31.04,NA,NA,7.12,4.83,24.43,NA,NA,23.04,11.379999999999999,NA,20.13,10.379999999999999,29.08,21.14,18.66,7.58,18.93,21.92,22.79,21.5,NA,8.93,6.109999999999999,NA,5.24,9.59,6.39,4.1,5.39,8.04,1.96,8.07,6.25,6,6.34,16.41,10.86,2.8100000000000005,17.52,20.5,-2.81,2.04
1964,-1.62,NA,-5.88,-2.39,7.37,4.27,4.86,2.08,-5.31,NA,-3.96,2.12,-3.24,-5.88,-4.17,-6.57,NA,NA,-3.96,-3.62,NA,6.13,-3.62,3.08,-5.86,-4.34,NA,-5.07,-4.08,-7.21,-3.5,-6.48,-3.07,2.11,4.35,-2.76,-5.41,-5.61,-1.9,-5.61,-2.96,1.96,-1.93,-2.75,4,-3.66,5.41,0.8600000000000003,-8.19,-6.48,-5.5,3.19,-3.96
1965,NA,NA,NA,4.609999999999999,-2.63,-2.73,-4.14,-4.92,1.6900000000000004,-2.88,NA,2.12,-3.24,0.1200000000000001,-4.17,-6.57,-2.71,-1.88,-3.96,-3.62,-3.29,-3.87,4.38,1.08,NA,-4.34,NA,2.9299999999999997,NA,-7.21,-3.5,-6.48,-3.07,-3.89,2.35,-2.76,7.59,3.3899999999999997,4.1,6.39,-2.96,NA,14.07,-2.75,-4,3.34,74.41,1.8600000000000003,-8.19,-0.4800000000000004,NA,-2.81,2.04
1966,-1.62,-3.62,-5.88,3.61,-2.63,4.27,1.8600000000000003,-4.92,-5.31,-2.88,-3.96,-3.88,7.76,-5.88,-4.17,-6.57,3.29,-1.88,-3.96,-3.62,-3.29,-3.87,-3.62,-4.92,1.1399999999999997,-4.34,-5.42,-5.07,NA,-0.20999999999999996,-3.5,8.52,-3.07,-3.89,-3.65,-2.76,-5.41,-5.61,-1.9,2.3899999999999997,-2.96,-4.04,NA,-2.75,-4,-3.66,-5.59,-5.14,-8.19,1.5199999999999996,1.5,-2.81,-3.96
1967,-1.62,3.38,1.12,4.609999999999999,-2.63,5.27,7.86,-4.92,1.6900000000000004,4.12,-3.96,4.12,NA,1.12,-4.17,-0.5700000000000003,-2.71,-1.88,-3.96,-3.62,-3.29,-3.87,2.38,-4.92,-5.86,1.6600000000000001,-5.42,-5.07,3.92,-7.21,-3.5,-6.48,-3.07,-3.89,3.35,4.24,-5.41,1.3899999999999997,4.1,-5.61,-2.96,1.96,4.07,-2.75,2,-3.66,-5.59,-5.14,-0.1899999999999995,-6.48,-5.5,-2.81,3.04
1968,-1.62,-3.62,-5.88,-2.39,-2.63,-2.73,-4.14,-4.92,21.69,-2.88,-3.96,-3.88,-3.24,1.12,-4.17,-6.57,-2.71,-1.88,-3.96,-3.62,-3.29,-3.87,-3.62,-4.92,-5.86,-4.34,-5.42,-5.07,16.92,-0.20999999999999996,-3.5,-6.48,-3.07,-3.89,-3.65,3.24,-5.41,1.3899999999999997,-1.9,-5.61,-2.96,-4.04,-1.93,-2.75,-4,-3.66,-5.59,-5.14,-8.19,-0.4800000000000004,1.5,-2.81,-3.96
1969,-1.62,-3.62,1.12,-2.39,-2.63,3.27,-4.14,-4.92,NA,3.12,-3.96,2.12,2.76,0.1200000000000001,NA,-6.57,9.29,-1.88,2.04,2.38,-3.29,-3.87,-3.62,1.08,3.1399999999999997,-4.34,8.58,-5.07,9.92,-7.21,-3.5,-0.4800000000000004,2.93,-3.89,2.35,-2.76,0.5899999999999999,-5.61,-1.9,-5.61,4.04,3.96,-1.93,4.25,-4,5.34,1.4100000000000001,0.8600000000000003,-1.1899999999999995,6.52,0.5,7.1899999999999995,-3.96
1970,-1.62,3.38,1.12,-2.39,-2.63,-2.73,-4.14,3.08,1.6900000000000004,-2.88,-3.96,-3.88,-3.24,0.1200000000000001,1.83,-6.57,5.29,-1.88,-3.96,-3.62,2.71,-3.87,-3.62,-4.92,0.13999999999999968,-4.34,NA,-5.07,-4.08,NA,-3.5,1.5199999999999996,-3.07,-3.89,-3.65,-2.76,-5.41,-5.61,-1.9,-5.61,-2.96,3.96,-1.93,-2.75,-4,-3.66,-5.59,-5.14,-8.19,-0.4800000000000004,0.5,-2.81,-3.96
1971,-1.62,-3.62,4.12,3.61,-2.63,-2.73,6.86,7.08,-5.31,-2.88,-3.96,2.12,4.76,9.120000000000001,7.83,-6.57,NA,NA,9.04,2.38,NA,4.13,6.38,NA,9.14,3.66,4.58,24.93,-4.08,15.79,4.5,2.5199999999999996,-3.07,3.11,2.35,22.240000000000002,2.59,2.3899999999999997,4.1,15.39,-2.96,3.96,-1.93,-2.75,8,7.34,-5.59,-5.14,5.8100000000000005,2.5199999999999996,3.5,-2.81,2.04
1972,-1.62,NA,2.12,4.609999999999999,-2.63,-2.73,-4.14,-4.92,-5.31,4.12,NA,3.12,2.76,0.1200000000000001,-4.17,-6.57,NA,NA,-3.96,-3.62,NA,2.13,-3.62,3.08,1.1399999999999997,-4.34,NA,-5.07,-4.08,5.79,-3.5,-0.4800000000000004,-3.07,-3.89,-3.65,3.24,-5.41,0.3899999999999997,-1.9,NA,NA,1.96,-1.93,NA,-4,-3.66,-5.59,1.8600000000000003,3.8100000000000005,-0.4800000000000004,0.5,4.1899999999999995,3.04
1973,4.38,-3.62,1.12,-2.39,5.37,-2.73,-4.14,5.08,-5.31,NA,2.04,-3.88,-3.24,1.12,3.83,-0.5700000000000003,-2.71,4.12,2.04,2.38,4.71,-3.87,NA,-4.92,-5.86,3.66,NA,2.9299999999999997,2.92,-1.21,-3.5,1.5199999999999996,21.93,2.11,-3.65,-2.76,0.5899999999999999,1.3899999999999997,-1.9,-5.61,-2.96,-4.04,-1.93,-2.75,-4,-3.66,-5.59,-5.14,NA,0.5199999999999996,1.5,-2.81,2.04
1974,-1.62,2.38,6.12,-2.39,4.37,3.27,-4.14,2.08,0.6900000000000004,10.120000000000001,2.04,2.12,3.76,0.1200000000000001,1.83,7.43,24.29,4.12,2.04,-3.62,2.71,9.129999999999999,NA,-4.92,14.14,-4.34,-5.42,-5.07,-4.08,18.79,-3.5,13.52,-3.07,-3.89,-3.65,-2.76,9.59,2.3899999999999997,-1.9,-5.61,-2.96,4.96,-1.93,5.25,-4,-3.66,-5.59,-5.14,-2.1899999999999995,19.52,13.5,-2.81,8.04
1975,-1.62,-3.62,-5.88,-2.39,-2.63,-2.73,-4.14,-4.92,-5.31,-2.88,2.04,-3.88,-3.24,-5.88,-4.17,-6.57,-2.71,-1.88,-3.96,-3.62,-3.29,-3.87,NA,-4.92,-5.86,-4.34,-5.42,-5.07,-4.08,-7.21,-3.5,-6.48,2.93,2.11,-3.65,-2.76,0.5899999999999999,0.3899999999999997,-1.9,-5.61,3.04,-4.04,-1.93,3.25,-4,-3.66,-5.59,-5.14,-0.1899999999999995,-6.48,-5.5,3.19,-3.96
1976,-1.62,NA,NA,9.61,-2.63,-2.73,10.86,8.08,0.6900000000000004,3.12,8.04,NA,2.76,-5.88,1.83,-0.5700000000000003,-2.71,-1.88,3.04,9.379999999999999,2.71,3.13,NA,10.08,-5.86,23.66,6.58,1.9299999999999997,NA,0.79,-3.5,-6.48,2.93,2.11,-3.65,3.24,-5.41,3.3899999999999997,-1.9,25.39,3.04,-4.04,-1.93,15.25,2,-3.66,0.41000000000000014,14.86,5.8100000000000005,5.52,1.5,5.1899999999999995,5.04
1977,5.38,2.38,7.12,-2.39,-2.63,-2.73,-4.14,-4.92,3.6900000000000004,-2.88,-3.96,-3.88,-3.24,-5.88,-4.17,NA,3.29,-1.88,-3.96,-3.62,4.71,5.13,2.38,-4.92,1.1399999999999997,5.66,-5.42,3.9299999999999997,-4.08,0.79,-3.5,6.52,-3.07,5.109999999999999,-3.65,-2.76,-5.41,4.39,-1.9,-5.61,-2.96,-4.04,-1.93,-2.75,2,3.34,-5.59,-5.14,3.8100000000000005,1.5199999999999996,1.5,-2.81,NA
1978,12.379999999999999,-3.62,-5.88,-2.39,6.37,5.27,4.86,NA,-5.31,5.12,3.04,-3.88,-3.24,NA,9.83,0.4299999999999997,-2.71,4.12,3.04,9.379999999999999,-3.29,-3.87,-3.62,22.08,-5.86,1.6600000000000001,-5.42,0.9299999999999997,-4.08,4.79,2.5,7.52,-3.07,9.11,11.35,-2.76,1.5899999999999999,1.3899999999999997,-1.9,-5.61,-2.96,-4.04,-1.93,-2.75,3,-3.66,-5.59,1.8600000000000003,-8.19,12.52,0.5,-2.81,-3.96
1979,-1.62,-3.62,-5.88,-2.39,-2.63,-2.73,-4.14,1.08,-5.31,-2.88,4.04,-3.88,-3.24,-5.88,-4.17,-6.57,-2.71,4.12,2.04,3.38,-3.29,-3.87,-3.62,-4.92,0.13999999999999968,-4.34,1.58,-5.07,-4.08,-7.21,-3.5,-6.48,-3.07,2.11,4.35,-2.76,0.5899999999999999,0.3899999999999997,-1.9,0.3899999999999997,4.04,3.96,-1.93,3.25,-4,-3.66,-5.59,36.86,-1.1899999999999995,-0.4800000000000004,-5.5,3.19,-3.96
1980,-1.62,-3.62,31.12,NA,-2.63,-2.73,-4.14,5.08,0.6900000000000004,-2.88,-3.96,NA,2.76,27.12,2.83,33.43,-2.71,-1.88,-3.96,-3.62,9.71,-3.87,-3.62,NA,1.1399999999999997,-4.34,8.58,1.9299999999999997,-4.08,-7.21,-3.5,8.52,3.93,-3.89,3.35,-2.76,20.59,-5.61,-1.9,2.3899999999999997,24.04,4.96,-1.93,5.25,3,5.34,-5.59,-5.14,NA,-6.48,1.5,9.19,-3.96
1981,-1.62,3.38,3.12,-2.39,-2.63,-2.73,-4.14,-4.92,19.69,-2.88,-3.96,14.120000000000001,-3.24,NA,1.83,3.4299999999999997,-2.71,-1.88,2.04,-3.62,2.71,3.13,-3.62,-4.92,0.13999999999999968,2.66,6.58,7.93,7.92,0.79,2.5,NA,NA,8.11,10.35,-2.76,-5.41,12.39,4.1,-5.61,NA,10.96,5.07,-2.75,14,11.34,NA,NA,40.81,-6.48,1.5,12.19,3.04
1982,NA,-3.62,-5.88,-2.39,4.37,6.27,-4.14,2.08,-5.31,-2.88,-3.96,2.12,-3.24,-5.88,-4.17,-6.57,-2.71,-1.88,-3.96,-3.62,2.71,-3.87,-3.62,-4.92,-5.86,-4.34,-5.42,-5.07,-4.08,-7.21,-3.5,-6.48,-3.07,-3.89,-3.65,-2.76,-5.41,-5.61,-1.9,-5.61,-2.96,-4.04,-1.93,-2.75,-4,NA,4.41,-5.14,-1.1899999999999995,-6.48,-5.5,-2.81,-3.96
1983,-1.62,-3.62,-5.88,-2.39,-2.63,-2.73,NA,NA,-5.31,-2.88,4.04,-3.88,-3.24,NA,-4.17,-6.57,-2.71,-1.88,10.04,-3.62,-3.29,-3.87,3.38,-4.92,-5.86,-4.34,-5.42,-5.07,-4.08,-7.21,-3.5,-6.48,-3.07,-3.89,-3.65,-2.76,-5.41,-5.61,-1.9,-5.61,-2.96,-4.04,-1.93,-2.75,-4,-3.66,-5.59,-5.14,-8.19,-6.48,-5.5,NA,-3.96
1984,-1.62,2.38,-5.88,-2.39,-2.63,-2.73,-4.14,1.08,-5.31,-2.88,-3.96,-3.88,-3.24,NA,1.83,-6.57,-2.71,5.12,-3.96,-3.62,-3.29,-3.87,NA,-4.92,15.14,-4.34,-5.42,-5.07,-4.08,-7.21,-3.5,22.52,-3.07,-3.89,-3.65,-2.76,0.5899999999999999,NA,-1.9,0.3899999999999997,-2.96,-4.04,-1.93,-2.75,-4,-3.66,0.41000000000000014,-5.14,-1.1899999999999995,-6.48,-5.5,-2.81,13.04
1985,-1.62,3.38,NA,-2.39,4.37,16.27,3.8600000000000003,NA,5.69,3.12,-3.96,-3.88,2.76,7.12,8.83,8.43,-2.71,6.12,5.04,7.38,2.71,5.13,3.38,3.08,5.14,5.66,-5.42,1.9299999999999997,-4.08,2.79,4.5,6.52,NA,NA,-3.65,5.24,0.5899999999999999,-5.61,4.1,-5.61,-2.96,-4.04,4.07,-2.75,3,3.34,-5.59,-5.14,-8.19,3.5199999999999996,5.5,-2.81,NA
1986,-1.62,-3.62,0.1200000000000001,-2.39,-2.63,-2.73,2.8600000000000003,-4.92,-5.31,-2.88,-3.96,3.12,8.76,-5.88,-4.17,-6.57,-2.71,-1.88,-3.96,-3.62,-3.29,-3.87,NA,NA,0.13999999999999968,-4.34,0.5800000000000001,3.9299999999999997,NA,-7.21,8.5,-0.4800000000000004,-3.07,-3.89,-3.65,-2.76,-5.41,-5.61,-1.9,0.3899999999999997,4.04,-4.04,-1.93,4.25,8,-3.66,-5.59,-5.14,-2.1899999999999995,-6.48,-5.5,-2.81,-3.96
1987,4.38,11.379999999999999,4.12,6.609999999999999,3.37,-2.73,10.86,-4.92,1.6900000000000004,3.12,3.04,13.120000000000001,NA,4.12,5.83,17.43,-2.71,-1.88,NA,10.379999999999999,10.71,8.129999999999999,11.379999999999999,NA,-5.86,9.66,5.58,9.93,-4.08,7.79,2.5,-6.48,11.93,11.11,6.35,-2.76,9.59,3.3899999999999997,11.1,4.39,6.04,5.96,5.07,5.25,5,2.34,-5.59,8.86,16.810000000000002,-6.48,NA,-2.81,-3.96
1988,NA,NA,NA,NA,-2.63,-2.73,-4.14,1.08,-5.31,-2.88,NA,NA,NA,-5.88,-4.17,3.4299999999999997,-2.71,4.12,NA,NA,-3.29,-3.87,4.38,-4.92,NA,-4.34,NA,-5.07,-4.08,-1.21,2.5,NA,NA,NA,NA,NA,NA,NA,NA,NA,NA,NA,NA,NA,-4,-3.66,-5.59,-5.14,-0.1899999999999995,NA,-5.5,NA,NA
1989,4.38,2.38,-5.88,-2.39,-2.63,-2.73,-4.14,-4.92,-5.31,4.12,-3.96,-3.88,-3.24,-5.88,-4.17,-6.57,3.29,-1.88,-3.96,-3.62,-3.29,-3.87,-3.62,-4.92,-5.86,-4.34,-5.42,-5.07,-4.08,-7.21,-3.5,-6.48,-3.07,-3.89,4.35,-2.76,-5.41,-5.61,-1.9,6.39,-2.96,-4.04,-1.93,-2.75,-4,4.34,-5.59,-5.14,3.8100000000000005,-6.48,-5.5,3.19,-3.96
1990,-1.62,2.38,-5.88,-2.39,-2.63,-2.73,-4.14,NA,-5.31,3.12,-3.96,-3.88,9.76,-5.88,-4.17,-6.57,-2.71,-1.88,NA,-3.62,-3.29,-3.87,-3.62,-4.92,-5.86,1.6600000000000001,-5.42,-5.07,-4.08,-0.20999999999999996,9.5,-6.48,-3.07,2.11,-3.65,-2.76,-5.41,-5.61,-1.9,-5.61,-2.96,-4.04,-1.93,-2.75,2,-3.66,0.41000000000000014,-5.14,NA,-6.48,-5.5,-2.81,-3.96
1991,4.38,15.379999999999999,16.12,3.61,4.37,NA,2.8600000000000003,NA,6.69,13.120000000000001,7.04,18.12,14.76,NA,9.83,8.43,11.29,40.12,18.04,4.38,7.71,44.13,4.38,25.08,20.14,11.66,8.58,17.93,3.92,NA,NA,15.52,2.93,13.11,17.35,17.240000000000002,6.59,8.39,4.1,23.39,-2.96,36.96,NA,12.25,25,3.34,9.41,-5.14,6.8100000000000005,3.5199999999999996,NA,-2.81,32.04
1992,-1.62,-3.62,-5.88,-2.39,4.37,NA,-4.14,-4.92,0.6900000000000004,-2.88,3.04,2.12,-3.24,-5.88,-4.17,NA,-2.71,-1.88,-3.96,-3.62,-3.29,-3.87,-3.62,-4.92,-5.86,-4.34,-5.42,-5.07,NA,NA,-3.5,2.5199999999999996,2.93,-3.89,-3.65,3.24,-5.41,-5.61,-1.9,3.3899999999999997,-2.96,1.96,-1.93,-2.75,-4,-3.66,-5.59,0.8600000000000003,NA,-6.48,-5.5,-2.81,8.04
1993,7.38,2.38,0.1200000000000001,-2.39,10.370000000000001,-2.73,-4.14,-4.92,0.6900000000000004,-2.88,2.04,-3.88,2.76,1.12,1.83,NA,3.29,4.12,2.04,-3.62,2.71,2.13,-3.62,NA,0.13999999999999968,1.6600000000000001,6.58,0.9299999999999997,-4.08,NA,NA,-6.48,2.93,-3.89,-3.65,-2.76,-5.41,0.3899999999999997,4.1,6.39,-2.96,8.96,-1.93,3.25,21,2.34,-5.59,19.86,9.81,-0.4800000000000004,0.5,-2.81,2.04
1994,-1.62,-3.62,-5.88,-2.39,3.37,-2.73,-4.14,-4.92,-5.31,-2.88,3.04,-3.88,-3.24,14.120000000000001,-4.17,-6.57,-2.71,-1.88,-3.96,-3.62,-3.29,8.129999999999999,3.38,NA,0.13999999999999968,2.66,0.5800000000000001,7.93,NA,-7.21,-3.5,-6.48,-3.07,-3.89,-3.65,-2.76,-5.41,-5.61,-1.9,-5.61,-2.96,-4.04,-1.93,-2.75,-4,NA,-5.59,-5.14,10.81,-6.48,-5.5,-2.81,-3.96
1995,4.38,8.379999999999999,-5.88,-2.39,3.37,4.27,-4.14,-4.92,-5.31,-2.88,-3.96,2.12,-3.24,0.1200000000000001,-4.17,NA,-2.71,-1.88,-3.96,-3.62,-3.29,-3.87,2.38,-4.92,-5.86,NA,0.5800000000000001,0.9299999999999997,NA,-7.21,-3.5,-6.48,-3.07,-3.89,-3.65,4.24,-5.41,9.39,-1.9,13.39,-2.96,-4.04,-1.93,-2.75,NA,-3.66,1.4100000000000001,14.86,NA,-6.48,-5.5,-2.81,-3.96
1996,4.38,2.38,-5.88,3.61,3.37,-2.73,7.86,1.08,NA,-2.88,-3.96,2.12,-3.24,-5.88,2.83,NA,-2.71,-1.88,-3.96,2.38,2.71,16.13,NA,1.08,-5.86,1.6600000000000001,0.5800000000000001,6.93,-4.08,-1.21,-3.5,1.5199999999999996,-3.07,-3.89,-3.65,3.24,-5.41,-5.61,4.1,0.3899999999999997,-2.96,-4.04,-1.93,-2.75,NA,-3.66,6.41,-5.14,-8.19,NA,6.5,-2.81,2.04
1997,-1.62,-3.62,-5.88,-2.39,3.37,-2.73,-4.14,-4.92,NA,-2.88,-3.96,-3.88,-3.24,-5.88,-4.17,-6.57,-2.71,-1.88,-3.96,-3.62,-3.29,3.13,-3.62,-4.92,-5.86,NA,-5.42,1.9299999999999997,-4.08,-7.21,-3.5,-6.48,-3.07,-3.89,2.35,-2.76,-5.41,-5.61,5.1,0.3899999999999997,-2.96,1.96,-1.93,-2.75,NA,-3.66,2.41,6.86,-1.1899999999999995,NA,-5.5,NA,-3.96
1998,-1.62,-3.62,0.1200000000000001,-2.39,-2.63,-2.73,-4.14,-4.92,NA,-2.88,NA,12.120000000000001,2.76,8.120000000000001,1.83,-6.57,-2.71,-1.88,2.04,NA,-3.29,-3.87,4.38,-4.92,-5.86,1.6600000000000001,7.58,7.93,1.92,-1.21,2.5,19.52,-3.07,-3.89,-3.65,-2.76,1.5899999999999999,2.3899999999999997,-1.9,NA,4.04,3.96,-1.93,-2.75,NA,NA,1.4100000000000001,10.86,0.8100000000000005,NA,NA,-2.81,-3.96
1999,NA,-3.62,NA,NA,-2.63,-2.73,-4.14,NA,NA,NA,NA,NA,-3.24,0.1200000000000001,-4.17,-6.57,-2.71,10.120000000000001,NA,NA,-3.29,3.13,-3.62,2.08,NA,NA,NA,1.9299999999999997,-4.08,NA,-3.5,NA,NA,NA,-3.65,NA,NA,NA,NA,NA,NA,NA,NA,NA,-4,NA,NA,9.86,-2.1899999999999995,NA,NA,NA,NA
2000,NA,NA,NA,-2.39,-2.63,-2.73,-4.14,-4.92,NA,NA,NA,NA,-3.24,0.1200000000000001,NA,-6.57,5.29,6.12,NA,NA,3.71,-3.87,-3.62,-4.92,NA,NA,0.5800000000000001,-5.07,3.92,0.79,-3.5,-0.4800000000000004,NA,NA,-3.65,-2.76,NA,NA,NA,NA,-2.96,-4.04,NA,-2.75,-4,2.34,1.4100000000000001,0.8600000000000003,-8.19,0.5199999999999996,1.5,NA,NA
2001,-1.62,NA,NA,-2.39,NA,-2.73,1.8600000000000003,NA,NA,-2.88,NA,-3.88,2.76,-5.88,NA,5.43,11.29,7.12,-3.96,3.38,-3.29,2.13,4.38,2.08,-5.86,1.6600000000000001,-5.42,0.9299999999999997,-4.08,-7.21,6.5,-6.48,-3.07,-3.89,NA,-2.76,NA,-5.61,-1.9,-5.61,-2.96,-4.04,NA,-2.75,-4,-3.66,-5.59,-5.14,-8.19,NA,NA,-2.81,7.04
2002,8.379999999999999,NA,NA,-2.39,4.37,NA,-4.14,NA,1.6900000000000004,9.120000000000001,-3.96,2.12,-3.24,1.12,4.83,-6.57,-2.71,-1.88,NA,-3.62,-3.29,-3.87,2.38,-4.92,-5.86,-4.34,-5.42,-5.07,NA,-7.21,4.5,-6.48,-3.07,-3.89,-3.65,-2.76,-5.41,1.3899999999999997,-1.9,NA,4.04,1.96,-1.93,-2.75,-4,NA,6.41,NA,-2.1899999999999995,-6.48,-5.5,-2.81,2.04
2003,-1.62,NA,NA,-2.39,-2.63,-2.73,-4.14,-4.92,-5.31,3.12,NA,-3.88,10.76,NA,-4.17,-6.57,-2.71,-1.88,-3.96,-3.62,-3.29,2.13,3.38,-4.92,NA,-4.34,-5.42,13.93,2.92,-7.21,NA,-6.48,-3.07,-3.89,-3.65,3.24,-5.41,-5.61,-1.9,-5.61,-2.96,15.96,-1.93,-2.75,-4,-3.66,14.41,31.86,-8.19,6.52,2.5,7.1899999999999995,2.04
2004,-1.62,-3.62,-5.88,-2.39,-2.63,NA,-4.14,-4.92,-5.31,-2.88,-3.96,2.12,-3.24,NA,-4.17,NA,-2.71,-1.88,-3.96,-3.62,-3.29,-3.87,-3.62,-4.92,-5.86,-4.34,-5.42,-5.07,-4.08,-7.21,-3.5,0.5199999999999996,-3.07,-3.89,-3.65,-2.76,-5.41,0.3899999999999997,-1.9,-5.61,-2.96,-4.04,-1.93,-2.75,-4,-3.66,-5.59,1.8600000000000003,-8.19,-6.48,-5.5,-2.81,4.04
2005,-1.62,3.38,4.12,-2.39,-2.63,-2.73,-4.14,12.08,-5.31,-2.88,-3.96,-3.88,24.759999999999998,NA,7.83,NA,12.29,4.12,4.04,5.38,2.71,2.13,-3.62,-4.92,-5.86,15.66,1.58,16.93,NA,NA,6.5,13.52,-3.07,-3.89,-3.65,-2.76,-5.41,1.3899999999999997,-1.9,2.3899999999999997,11.04,8.96,18.07,15.25,3,-3.66,0.41000000000000014,34.86,NA,-0.4800000000000004,2.5,3.19,16.04
2006,-1.62,-3.62,-5.88,-2.39,3.37,-2.73,-4.14,-4.92,-5.31,-2.88,-3.96,-3.88,-3.24,NA,-4.17,-6.57,-2.71,-1.88,-3.96,-3.62,-3.29,-3.87,-3.62,-4.92,6.14,-4.34,-5.42,-5.07,-4.08,NA,NA,-6.48,-3.07,-3.89,-3.65,-2.76,-5.41,-5.61,-1.9,0.3899999999999997,-2.96,1.96,-1.93,3.25,-4,-3.66,14.41,8.86,-8.19,-6.48,-5.5,-2.81,-3.96
2007,-1.62,-3.62,1.12,-2.39,-2.63,-2.73,-4.14,-4.92,-5.31,-2.88,-3.96,2.12,-3.24,NA,-4.17,NA,3.29,-1.88,NA,-3.62,-3.29,-3.87,-3.62,-4.92,-5.86,2.66,-5.42,-5.07,NA,NA,NA,-6.48,-3.07,-3.89,-3.65,-2.76,0.5899999999999999,2.3899999999999997,-1.9,0.3899999999999997,-2.96,10.96,-1.93,-2.75,NA,-3.66,-5.59,0.8600000000000003,-8.19,-6.48,-5.5,-2.81,3.04
2008,-1.62,-3.62,-5.88,-2.39,-2.63,NA,NA,-4.92,-5.31,-2.88,-3.96,-3.88,-3.24,5.12,-4.17,NA,-2.71,-1.88,-3.96,-3.62,-3.29,2.13,-3.62,-4.92,-5.86,5.66,-5.42,2.9299999999999997,NA,NA,-3.5,-6.48,-3.07,-3.89,-3.65,-2.76,-5.41,1.3899999999999997,-1.9,-5.61,-2.96,1.96,-1.93,-2.75,-4,-3.66,-5.59,-5.14,-8.19,-6.48,-5.5,-2.81,4.04
2009,-1.62,-3.62,9.120000000000001,-2.39,-2.63,NA,NA,7.08,-5.31,11.120000000000001,4.04,-3.88,3.76,3.12,10.83,NA,3.29,4.12,3.04,9.379999999999999,2.71,3.13,2.38,-4.92,2.1399999999999997,10.66,3.58,2.9299999999999997,NA,NA,NA,2.5199999999999996,4.93,-3.89,-3.65,NA,3.59,3.3899999999999997,-1.9,-5.61,13.04,10.96,5.07,3.25,-4,-3.66,-5.59,-5.14,-1.1899999999999995,-0.4800000000000004,9.5,-2.81,2.04
2010,4.38,-3.62,-5.88,-2.39,3.37,3.27,1.8600000000000003,2.08,0.6900000000000004,3.12,-3.96,-3.88,4.76,NA,2.83,NA,-2.71,4.12,-3.96,2.38,-3.29,2.13,-3.62,-4.92,16.14,-4.34,-5.42,NA,NA,NA,2.5,7.52,-3.07,-3.89,-3.65,NA,-5.41,3.3899999999999997,-1.9,10.39,-2.96,-4.04,4.07,-2.75,-4,-3.66,-5.59,-5.14,-8.19,0.5199999999999996,1.5,-2.81,-3.96
2011,6.38,-3.62,-5.88,-2.39,-2.63,-2.73,-4.14,-4.92,-5.31,-2.88,-3.96,-3.88,-3.24,NA,-4.17,NA,-2.71,-1.88,-3.96,-3.62,-3.29,3.13,-3.62,-4.92,-5.86,-4.34,-5.42,-5.07,NA,NA,-3.5,-6.48,-3.07,-3.89,-3.65,NA,-5.41,-5.61,-1.9,0.3899999999999997,-2.96,-4.04,4.07,-2.75,-4,-3.66,-5.59,-5.14,-8.19,-6.48,-5.5,-2.81,-3.96
2012,4.38,-3.62,9.120000000000001,-2.39,3.37,-2.73,-4.14,1.08,7.69,7.12,9.04,-3.88,4.76,9.120000000000001,14.83,6.43,7.29,13.120000000000001,10.04,-3.62,10.71,6.13,2.38,2.08,15.14,15.66,3.58,9.93,7.92,4.79,-3.5,5.52,3.93,-3.89,-3.65,NA,0.5899999999999999,1.3899999999999997,-1.9,-5.61,-2.96,-4.04,4.07,-2.75,-4,-3.66,-5.59,4.86,-8.19,-6.48,2.5,-2.81,10.04
2013,-1.62,-3.62,-5.88,-2.39,-2.63,-2.73,-4.14,-4.92,-5.31,-2.88,-3.96,-3.88,2.76,-5.88,-4.17,-6.57,-2.71,-1.88,-3.96,-3.62,-3.29,2.13,-3.62,-4.92,1.1399999999999997,2.66,-5.42,NA,-4.08,-7.21,2.5,-0.4800000000000004,-3.07,-3.89,-3.65,NA,-5.41,-5.61,-1.9,-5.61,-2.96,-4.04,12.07,-2.75,-4,-3.66,-5.59,7.86,-8.19,-0.4800000000000004,-5.5,3.19,11.04
2014,-1.62,-3.62,-5.88,-2.39,-2.63,-2.73,-4.14,-4.92,-5.31,-2.88,-3.96,-3.88,-3.24,-5.88,-4.17,-6.57,-2.71,-1.88,-3.96,-3.62,-3.29,-3.87,NA,-4.92,-5.86,-4.34,NA,-5.07,-4.08,-7.21,-3.5,-6.48,-3.07,-3.89,-3.65,NA,-5.41,-5.61,-1.9,-5.61,-2.96,-4.04,-1.93,-2.75,NA,NA,-5.59,-5.14,NA,-6.48,-5.5,-2.81,-3.96
2015,-1.62,-3.62,-5.88,-2.39,-2.63,-2.73,-4.14,-4.92,-5.31,-2.88,-3.96,-3.88,-3.24,-5.88,-4.17,-6.57,-2.71,-1.88,-3.96,-3.62,-3.29,-3.87,NA,NA,-5.86,-4.34,-5.42,-5.07,-4.08,-7.21,-3.5,-6.48,-3.07,-3.89,-3.65,NA,-5.41,-5.61,-1.9,-5.61,-2.96,-4.04,-1.93,-2.75,-4,-3.66,NA,NA,NA,-6.48,-5.5,-2.81,-3.96
2016,-1.62,-3.62,-5.88,-2.39,-2.63,-2.73,-4.14,NA,-5.31,-2.88,2.04,-3.88,2.76,-5.88,-4.17,-6.57,-2.71,-1.88,NA,-3.62,-3.29,-3.87,-3.62,NA,-5.86,-4.34,-5.42,-5.07,-4.08,-7.21,-3.5,-6.48,-3.07,-3.89,-3.65,NA,-5.41,-5.61,-1.9,-5.61,NA,-4.04,-1.93,-2.75,-4,NA,2.41,2.8600000000000003,-8.19,-6.48,-5.5,-2.81,-3.96
2017,-1.62,NA,-5.88,-2.39,-2.63,-2.73,-4.14,-4.92,-5.31,-2.88,4.04,-3.88,-3.24,NA,-4.17,-6.57,-2.71,-1.88,NA,-3.62,-3.29,-3.87,-3.62,NA,-5.86,-4.34,-5.42,NA,-4.08,-7.21,-3.5,-6.48,-3.07,-3.89,3.35,NA,0.5899999999999999,2.3899999999999997,5.1,2.3899999999999997,-2.96,-4.04,-1.93,NA,-4,-3.66,0.41000000000000014,15.86,-2.1899999999999995,-6.48,-5.5,-2.81,2.04
2018,-1.62,NA,-5.88,-2.39,-2.63,-2.73,-4.14,NA,-5.31,-2.88,-3.96,-3.88,-3.24,1.12,-4.17,-6.57,-2.71,-1.88,-3.96,-3.62,-3.29,2.13,NA,1.08,1.1399999999999997,-4.34,-5.42,-5.07,1.92,-7.21,-3.5,5.52,-3.07,-3.89,-3.65,NA,-5.41,-5.61,-1.9,-5.61,3.04,-4.04,-1.93,NA,-4,-3.66,-5.59,0.8600000000000003,-8.19,-6.48,-5.5,-2.81,4.04
2019,-1.62,-3.62,-5.88,-2.39,-2.63,-2.73,-4.14,-4.92,-5.31,-2.88,-3.96,-3.88,NA,-5.88,-4.17,-6.57,-2.71,NA,-3.96,-3.62,-3.29,-3.87,-3.62,-4.92,-5.86,-4.34,-5.42,-5.07,-4.08,-7.21,-3.5,-6.48,-3.07,-3.89,3.35,NA,-5.41,-5.61,-1.9,-5.61,-2.96,-4.04,-1.93,-2.75,-4,-3.66,-5.59,-5.14,-8.19,-6.48,-5.5,-2.81,2.04
2020,-1.62,-3.62,-5.88,-2.39,-2.63,-2.73,-4.14,-4.92,-5.31,-2.88,2.04,-3.88,-3.24,-5.88,-4.17,-6.57,-2.71,-1.88,2.04,-3.62,-3.29,NA,NA,-4.92,-5.86,-4.34,-5.42,-5.07,-4.08,-7.21,-3.5,-6.48,-3.07,-3.89,-3.65,-2.76,-5.41,-5.61,-1.9,-5.61,NA,-4.04,-1.93,-2.75,-4,-3.66,11.41,-5.14,-8.19,-6.48,0.5,-2.81,-3.96
