yy;aeronautica_6803;aeronautica_6817;aeronautica_6893;lazio_240;lazio_289;marche_701;sicilia_11883;sicilia_11933;toscana_55;aeronautica_6693;aeronautica_6697;aeronautica_6865;bolzano_176;bolzano_39;lazio_388;marche_703;trentino_6511;trentino_6564;trentino_6639;trentino_6640;aeronautica_6769;aeronautica_6773;aeronautica_6782;aeronautica_6794;aeronautica_6826;aeronautica_6827;aeronautica_6834;aeronautica_6851;emiliaromagna_12702;emiliaromagna_14246;marche_104;marche_110;marche_123;marche_25;toscana_72;toscana_78;aeronautica_6707;aeronautica_6709;aeronautica_6718;aeronautica_6720;aeronautica_6721;aeronautica_6723;aeronautica_6729;aeronautica_6730;aeronautica_6733;aeronautica_6779;aeronautica_6797;bolzano_203;marche_108;marche_109;marche_605;marche_608;toscana_25;toscana_76;trentino_6509;aeronautica_6691;aeronautica_6692;bolzano_223;bolzano_94;aeronautica_6771;aeronautica_6841;aeronautica_6856;aeronautica_6869;aeronautica_6874;aeronautica_6881;aeronautica_6883;aeronautica_6897;aeronautica_6901;lazio_276;sicilia_11825;sicilia_11898;sicilia_11942;aeronautica_6919;aeronautica_6922;aeronautica_6923
1961;5.573925366084081;9.27727916863486;NA;NA;6.036844591402929;5.007085498346718;2.0406235238545114;4.270193670288144;5.375531412376003;NA;10.316485592820028;NA;6.735947094945678;9.173358526216344;6.58478979688238;4.7047709022201225;NA;2.531884742560227;4.478034955125177;5.564478034955125;7.076051015588096;4.185167690127539;9.61738308927728;6.140765233821446;9.211147850732168;NA;10.1936702881436;7.7562588568729325;6.348606518658478;5.233821445441663;4.090694378837978;7.179971658006614;5.583372697213037;6.707605101558809;6.065186584789797;6.339159187529522;NA;6.206896551724138;NA;6.962683042040624;5.460557392536609;7.491733585262164;NA;NA;NA;NA;5.063769485120454;4.534718941898914;3.8923004251299007;8.417572035899857;8.5592820028342;11.4407179971658;6.358053849787434;6.9154463863958435;NA;5.082664147378366;6.263580538497875;10.902220122815304;7.482286254133208;NA;7.954652810581011;12.829475673122342;11.336797354747285;11.70524326877657;7.142182333490789;NA;5.43221539914974;5.942371280113368;7.463391591875296;NA;7.623996221067548;5.7439773264052905;NA;4.090694378837978;6.679263108171941
1962;14.860651865847899;14.964572508266416;NA;NA;13.500236183278226;13.528578176665093;8.096362777515353;8.360888049126123;9.97638167217761;NA;15.229097779877184;NA;17.16580066131318;NA;12.820028341993387;12.272083136513935;13.528578176665093;14.822862541332075;13.99149740198394;14.000944733112897;9.88190836088805;16.532829475673122;NA;16.022673594709495;16.58951346244686;NA;12.867264997638166;9.61738308927728;17.07132735002362;15.588096362777515;10.949456778460084;13.745866792631082;13.717524799244213;12.961738308927728;12.376003778932452;15.578649031648558;NA;15.276334435521965;NA;18.05384978743505;15.106282475200755;17.779877184695323;NA;17.099669343410486;NA;NA;NA;9.485120453471895;8.899385923476617;14.633915918752951;11.913084553613604;17.18469532357109;12.905054322153992;12.385451110061407;17.194142654700048;17.95937647614549;19.064714218233352;15.937647614548888;14.879546528105811;NA;20.018894662257914;13.235710911667454;15.229097779877184;17.638167217760984;13.311289560699102;20.831365139348136;NA;13.915918752952292;14.256022673594709;23.81672177609825;NA;12.593292394898443;8.691544638639584;15.399149740198395;13.670288143599432
1963;10.467642890883326;10.968351440717997;NA;NA;10.67548417572036;13.868682097307511;NA;11.761927255550306;10.136986301369863;NA;14.35049598488427;NA;14.085970713273499;NA;6.537553141237601;9.71185640056684;14.567784600850258;12.62163438828531;NA;17.751535191308456;13.89702409069438;10.59990552668871;14.945677846008504;10.014170996693435;9.740198393953708;NA;11.299008030231459;11.270666036844592;13.10344827586207;13.708077468115256;13.405762871988664;11.213982050070854;NA;10.609352857817667;12.990080302314597;15.739253660840813;NA;16.1076995748701;NA;18.110533774208786;11.308455361360416;15.569201700519603;13.641946150212563;12.423240434577231;NA;NA;12.413793103448276;9.674067076051015;8.889938592347661;12.23429381199811;12.394898441190364;18.091639111950876;13.77420878601795;6.9910250354274925;15.002361832782238;12.631081719414267;14.170996693434104;12.895606991025035;12.791686348606518;NA;12.867264997638166;11.34624468587624;11.799716580066132;14.529995276334434;12.32876712328767;17.468115257439774;12.479924421350969;12.678318375059044;13.084553613604157;14.803967879074161;11.51629664619745;17.316957959376474;10.061407652338215;11.006140765233821;14.237128011336797
1964;7.735066892783117;13.133597135858299;NA;NA;7.86696815526663;7.791596005276051;4.522328999434709;11.946485773506689;13.444507254569437;NA;8.799698511400038;9.638213680045224;8.422837761447145;8.451102317693612;5.002826455624647;5.869606180516299;6.020350480497457;2.892406255888449;NA;8.177878273977765;9.638213680045224;7.876389674015451;7.4995289240625596;7.838703599020162;NA;11.824006029771999;11.805162992274354;13.171283210853591;9.440361786319954;13.12417561710948;8.47936687394008;11.409459204823817;8.950442811381194;9.817222536272848;5.09704164311287;6.830601092896176;NA;5.021669493122291;NA;7.725645374034294;7.273412474090824;10.288298473713962;11.004333898624457;7.235726399095534;NA;9.91143772376107;NA;5.436216318070473;9.638213680045224;6.067458074241568;10.52383644243452;8.498209911437723;7.075560580365554;5.8601846617674775;6.0391935179951;7.150932730356134;7.009609949123799;6.905973242886754;NA;4.531750518183531;7.198040324100245;12.502355379687206;12.982852835877143;6.152251742980969;11.25871490484266;12.803843979649521;7.82928208027134;7.527793480309025;8.978707367627662;17.97625777275297;11.682683248539664;11.042019973619748;9.101187111362352;5.4550593555681175;9.157716223855287
1965;NA;14.076523382144543;9.598488427019367;12.772791686348606;11.535191308455362;9.003306565895135;NA;14.841757203589987;18.08219178082192;12.791686348606518;NA;16.041568256967405;16.343882853094;14.567784600850258;9.513462446858762;13.10344827586207;9.551251771374588;10.98724610297591;NA;13.405762871988664;8.852149267831837;16.268304204062353;8.512045347189419;14.237128011336797;NA;15.521965044874822;13.82144544166273;21.388757675956544;9.097779877184696;12.328767123287673;20.67076051015588;15.295229097779877;NA;14.369390647142183;9.796882380727444;10.684931506849315;14.605573925366084;NA;12.612187057156355;11.790269248937175;11.931979215871516;14.265470004723666;NA;11.506849315068493;10.826641473783656;NA;NA;9.097779877184696;16.617855455833727;11.232876712328768;13.434104865375533;16.46669815777043;7.45394426074634;11.563533301842229;NA;14.359943316013227;NA;15.43693906471422;NA;14.076523382144543;15.474728389230041;17.156353330184224;17.88379782711384;15.531412376003779;NA;16.9674067076051;12.196504487482287;11.185640056683987;18.762399622106756;18.809636277751533;14.775625885687294;17.562588568729335;10.788852149267832;12.366556447803495;11.289560699102504
1966;11.65800661313179;12.442135096835145;9.58904109589041;10.033065658951346;10.307038261691073;5.488899385923476;NA;NA;6.896551724137931;6.877657061880019;5.460557392536609;9.777987718469532;9.513462446858762;10.968351440717997;13.94426074633916;8.181388757675956;6.499763816721776;5.413320736891828;5.205479452054795;7.18941898913557;4.440245630609352;8.011336797354748;10.968351440717997;8.512045347189419;7.8223901747756255;8.200283419933868;5.630609352857817;13.840340103920642;7.520075578649031;NA;4.553613604156825;13.273500236183278;NA;7.727916863486064;7.179971658006614;10.33538025507794;9.749645725082665;7.283892300425129;8.200283419933868;6.8493150684931505;11.365139348134152;10.014170996693435;7.208313651393482;7.7373641946150205;7.142182333490789;7.992442135096835;10.543221539914974;NA;7.775153519130845;11.790269248937175;5.970713273500236;11.78082191780822;11.402928672649978;7.59565422768068;NA;9.995276334435523;14.322153991497402;10.977798771846953;NA;13.698630136986301;11.232876712328768;10.297590930562116;13.29239489844119;7.491733585262163;9.107227208313653;12.923948984411904;NA;10.911667453944261;13.301842229570147;10.807746811525744;9.437883797827114;12.98063297118564;9.636277751535191;8.70099196976854;9.059990552668872
1967;11.865847897968825;9.910250354274917;14.256022673594709;10.477090222012283;10.89277279168635;10.033065658951346;7.18941898913557;7.775153519130845;7.850732168162494;8.946622579121398;5.309400094473311;12.404345772319319;7.992442135096835;NA;14.785073216816249;7.992442135096835;7.7373641946150205;7.302786962683042;10.86443079829948;5.989607935758149;9.560699102503543;8.058573452999527;10.401511572980633;7.8696268304204064;9.437883797827114;8.521492678318374;12.017005196032121;17.298063297118563;8.228625413320737;7.775153519130845;9.192253188474256;15.786490316485594;NA;12.347661785545583;9.097779877184696;9.891355692017004;12.952290977798771;6.735947094945678;10.55266887104393;5.69674067076051;8.710439300897496;7.652338214454417;7.916863486065187;9.796882380727444;9.938592347661785;6.868209730751063;12.366556447803495;5.8006613131790274;11.336797354747285;12.876712328767123;10.968351440717997;11.289560699102504;8.332546055739254;10.14643363249882;8.908833254605574;10.524326877657062;12.725555030703825;9.957487009919697;9.418989135569202;9.078885214926784;7.642890883325461;15.67312234293812;14.161549362305148;9.825224374114311;14.265470004723666;10.921114785073218;16.39111950873878;11.799716580066132;12.253188474256023;9.116674539442608;14.237128011336797;12.791686348606518;9.607935758148322;8.181388757675958;7.71846953235711
1968;10.448464292443942;9.751271905031091;8.696061805162993;8.074241567740719;10.608630111173921;9.892594686263426;6.142830224232147;6.736385905407952;11.880535142264934;10.919540229885058;8.422837761447145;12.059543998492558;13.689466742038817;7.301677030337291;17.194271716600714;17.919728660260034;6.067458074241568;9.543998492557;5.068777086866403;6.48200489918975;12.021857923497267;12.907480685886567;9.553420011305823;12.012436404748446;8.592425098925947;11.428302242321463;10.184661767476918;11.814584511023178;11.286979461089128;9.845487092519315;13.01111739212361;10.665159223666855;11.324665536084416;12.408140192198983;17.467495760316563;7.801017524024872;8.15903523648012;8.507631430186546;10.636894667420387;9.78895798002638;9.167137742604108;10.7687959299039;8.611268136423591;11.023176936122104;11.692104767288487;9.534576973808177;10.250612398718674;6.962502355379688;11.795741473525533;11.107970604861505;8.922178255134728;9.50631241756171;8.535895986433014;11.748633879781421;17.834934991520633;10.40135669869983;12.568306010928962;10.92896174863388;11.145656679856792;11.61673261729791;7.4147352553231585;9.006971923874127;9.374411155078198;6.378368192952704;12.511776898436027;7.160354249104955;12.803843979649521;8.780855473902394;9.807801017524024;9.657056717542869;9.157716223855287;9.25193141134351;7.716223855285471;7.150932730356134;6.350103636706236
1969;13.566367501180917;8.96551724137931;8.171941426547;10.297590930562116;10.694378837978272;10.099196976854039;5.517241379310345;10.798299480396787;NA;12.57439773264053;10.59990552668871;7.652338214454417;10.165328294756732;9.815777042985356;12.546055739253662;11.582427964100143;7.8979688238072745;8.285309400094473;10.392064241851678;9.948039678790742;8.275862068965518;9.220595181861125;12.536608408124705;9.532357109116676;11.535191308455362;11.308455361360416;10.203117619272556;9.315068493150685;8.946622579121398;10.373169579593764;11.903637222484647;4.997638167217762;12.177609825224375;9.692961738308927;NA;NA;14.718941898913556;13.150684931506849;11.459612659423712;10.467642890883326;11.733585262163439;9.418989135569202;8.804912612187058;8.804912612187058;7.954652810581011;8.663202645252715;10.439300897496457;10.325932923948985;12.394898441190364;11.15729806329712;8.153046764289089;11.51629664619745;NA;NA;11.497401983939536;12.196504487482287;12.196504487482287;7.255550307038263;13.717524799244213;14.983467170524328;13.613604156825696;7.586206896551724;8.96551724137931;7.416154936230515;10.94000944733113;5.375531412376003;12.76334435521965;14.000944733112897;11.65800661313179;9.834671705243268;9.097779877184696;10.023618327822389;7.652338214454417;7.255550307038263;8.91828058573453
1970;12.319319792158716;11.22342938119981;10.354274917335852;12.848370335380254;11.572980632971186;16.71232876712329;5.205479452054795;7.567312234293812;13.160132262635804;11.138403401039207;11.743032593292394;14.709494567784601;11.299008030231459;13.141237600377892;10.297590930562116;7.7562588568729325;7.217760982522438;NA;10.590458195559755;12.583845063769486;9.919697685403873;12.149267831837506;10.212564950401513;12.083136513934814;NA;15.710911667453944;12.772791686348606;5.318847425602267;8.00188946622579;10.694378837978272;20.519603212092584;9.324515824279642;12.857817666509211;14.596126594237127;14.58667926310817;13.084553613604157;13.141237600377892;13.963155408597071;10.609352857817667;10.420406235238545;13.58526216343883;11.365139348134152;14.73783656117147;15.04959848842702;15.824279641001418;10.72272083136514;13.018422295701464;8.984411903637222;14.841757203589987;9.891355692017004;13.556920170051962;10.212564950401513;11.648559282002834;13.075106282475202;13.443552196504488;16.23051487954653;13.982050070854985;8.786017949929144;12.857817666509211;10.127538970240908;12.073689182805857;12.376003778932452;9.692961738308927;9.409541804440245;11.497401983939536;7.548417572035899;14.624468587623996;15.569201700519603;10.562116202172886;6.868209730751063;9.078885214926784;7.652338214454417;7.264997638167217;7.151629664619745;7.217760982522438
1971;11.846953235710913;14.652810581010863;NA;12.385451110061407;12.93339631554086;19.508738781294284;10.269248937175247;9.66461974492206;13.613604156825696;11.289560699102504;10.836088804912611;12.744449692961737;11.08171941426547;9.40009447331129;10.628247520075579;9.1828058573453;9.145016532829475;10.307038261691073;8.974964572508267;9.75909305621162;13.00897496457251;14.615021256495039;11.544638639584317;16.136041568256967;11.92253188474256;12.952290977798771;12.744449692961737;9.022201228153047;10.911667453944261;14.170996693434104;17.846008502598014;9.683514407179972;13.660840812470475;13.849787435049599;14.95512517713746;12.57439773264053;NA;11.846953235710913;NA;11.941426547000471;9.910250354274917;9.966934341048654;14.4733112895607;13.330184222957014;NA;12.461029759093057;9.97638167217761;11.572980632971186;12.93339631554086;12.338214454416626;11.648559282002834;12.35710911667454;12.442135096835145;12.687765706188001;14.983467170524328;10.703826169107227;8.530940009447331;14.029286726499764;13.160132262635804;9.258384506376949;12.470477090222012;15.474728389230041;12.442135096835145;11.70524326877657;14.841757203589987;9.541804440245631;11.261218705715635;13.830892772791687;11.270666036844592;10.363722248464809;13.141237600377892;14.709494567784601;10.316485592820028;8.5592820028342;3.6372224846480865
1972;15.912945166760881;10.702845298662144;NA;11.597889579800263;12.351611079706048;8.846806105144148;12.295081967213115;6.510269455436216;15.799886941775016;9.280195967589975;NA;10.627473148671566;9.478047861315245;9.572263048803467;11.682683248539664;11.296400979837951;9.242509892594686;12.27623892971547;10.957226304880347;7.91407574901074;7.282833992839646;13.82136800452233;8.535895986433014;11.286979461089128;NA;11.202185792349727;11.456566798567929;10.863011117392125;9.120030148859996;12.860373092142455;7.320520067834934;9.412097230073488;9.98680987375165;8.856227623892972;12.370454117203693;11.089127567363859;NA;13.143018654607122;NA;8.762012436404747;11.296400979837951;10.580365554927454;12.134916148483136;11.437723761070284;NA;7.725645374034294;NA;11.098549086112682;9.044657998869418;11.871113623516111;8.177878273977765;11.305822498586773;8.140192198982476;10.853589598643302;12.31392500471076;12.417561710947805;11.720369323534955;9.13887318635764;8.413416242698322;15.460712266817412;8.827963067646504;9.572263048803467;NA;NA;11.937064254757868;10.062182023742228;8.385151686451856;NA;14.217071791972865;NA;7.678537780290183;13.95326926700584;12.860373092142455;12.116073110985491;11.748633879781421
1973;14.917335852621635;12.394898441190364;8.530940009447331;12.73500236183278;13.65139348134152;10.694378837978272;10.325932923948985;10.72272083136514;13.906471421823335;NA;11.025035427491733;8.285309400094473;6.150212564950402;7.302786962683042;11.4407179971658;13.887576759565423;7.425602267359471;7.8223901747756255;7.548417572035899;8.370335380255078;12.224846480869154;14.775625885687294;10.703826169107227;18.84742560226736;NA;9.598488427019367;11.894189891355692;13.235710911667454;8.039678790741615;12.57439773264053;8.530940009447331;11.913084553613604;14.13320736891828;14.114312706660368;14.756731223429382;13.471894189891357;11.025035427491733;8.974964572508267;11.450165328294757;9.059990552668872;14.369390647142183;10.977798771846953;14.01983939537081;13.519130845536138;13.19792158715163;12.867264997638166;14.709494567784601;11.61076995748701;12.177609825224375;11.875295229097778;17.213037316957962;9.560699102503543;10.713273500236184;11.091166745394426;11.950873878129428;10.288143599433159;10.968351440717997;11.242324043457723;10.854983467170525;9.267831837505906;10.694378837978272;7.850732168162494;12.205951818611242;11.676901275389701;11.96976854038734;5.687293339631554;8.625413320736893;11.166745394426075;10.713273500236184;5.394426074633916;9.1828058573453;10.297590930562116;14.284364666981578;11.724137931034482;9.01275389702409
1974;12.631081719414267;11.110061407652339;12.678318375059044;8.993859234766179;10.363722248464809;11.572980632971186;21.114785073216815;11.402928672649976;14.048181388757678;11.431270666036845;10.203117619272556;10.666036844591403;12.385451110061407;9.957487009919697;14.388285309400095;8.757675956542277;9.796882380727444;10.741615493623051;10.89277279168635;11.195087387812942;13.830892772791687;13.282947567312235;9.598488427019367;14.690599905526689;13.141237600377892;6.717052432687766;11.072272083136514;8.710439300897496;11.913084553613604;11.261218705715635;10.703826169107227;11.61076995748701;11.856400566839868;12.054794520547945;14.529995276334434;12.753897024090694;13.849787435049599;11.100614076523382;11.714690599905527;9.513462446858762;10.354274917335852;10.8171941426547;10.807746811525744;11.308455361360416;9.598488427019367;10.533774208786017;15.928200283419933;9.116674539442608;9.201700519603213;10.949456778460084;10.732168162494094;9.995276334435523;11.176192725555032;9.910250354274917;6.63202645252716;15.644780349551251;15.654227680680208;10.59990552668871;NA;13.726972130373168;12.272083136513935;8.143599433160134;6.745394426074634;15.059045819555974;13.33963155408597;8.247520075578649;8.285309400094473;8.96551724137931;12.215399149740199;8.445914029286726;12.442135096835145;11.629664619744922;15.729806329711856;17.49645725082664;15.729806329711856
1975;7.246102975909306;8.587623996221067;11.99811053377421;7.227208313651394;8.304204062352385;6.480869154463864;14.567784600850258;14.917335852621635;9.371752479924421;5.299952763344355;6.764289088332546;8.899385923476617;NA;3.9489844119036372;3.7033538025507795;8.332546055739254;3.6844591402928675;6.669815777042985;4.893717524799245;4.506376948512045;10.477090222012283;10.174775625885687;5.999055266887105;9.815777042985356;8.068020784128484;5.526688710439301;5.451110061407652;11.563533301842229;6.773736419461502;6.22579121398205;1.8422295701464337;4.241851676901275;5.299952763344355;5.129900803023146;5.460557392536609;7.246102975909306;4.459140292867265;3.863958431743032;4.478034955125177;5.035427491733585;6.339159187529522;7.217760982522438;5.441662730278696;4.232404345772319;5.243268776570619;7.964100141709967;8.644307982994803;9.097779877184696;7.7373641946150205;5.271610769957487;8.058573452999527;5.725082664147378;6.339159187529524;8.833254605573925;6.055739253660841;6.660368445914029;5.640056683986773;5.43221539914974;6.660368445914029;9.97638167217761;9.75909305621162;9.333963155408597;7.33112895606991;8.842701936702882;11.506849315068493;7.255550307038263;8.086915446386396;11.025035427491733;8.691544638639584;7.86017949929145;8.615965989607936;10.98724610297591;16.54227680680208;9.863013698630137;13.793103448275861
1976;NA;12.050122479743735;12.68136423591483;NA;11.089127567363859;15.65856416054268;24.863387978142075;15.13095911060863;12.511776898436027;10.486150367439231;14.669304691916338;NA;8.762012436404747;7.876389674015451;4.983983418127002;7.433578292820803;10.749952892406256;16.449971735443754;17.043527416619558;10.712266817410967;12.97343131712832;12.257395892217826;16.007160354249105;13.41624269832297;18.296589410212928;12.22913133597136;13.397399660825323;16.826832485396643;13.274919917090635;13.698888260787639;10.881854154889767;14.207650273224044;14.999057848125119;8.875070661390616;11.50367439231204;13.90616167326173;10.994912379875636;8.658375730167704;8.28151498021481;8.28151498021481;10.448464292443942;14.83889202939514;NA;12.285660448464293;15.13095911060863;9.327303561334087;NA;11.117392123610326;10.128132654983983;16.47823629169022;12.52119841718485;18.164688147729414;13.614094592048238;11.9087996985114;NA;13.387978142076504;12.879216129640097;12.945166760881854;10.731109854908611;11.315244017335594;11.513095911060862;13.689466742038817;19.37064254757867;12.012436404748446;12.860373092142455;13.453928773318257;13.25607687959299;16.374599585453176;12.502355379687206;13.896740154512907;13.727152817034105;10.976069342377992;11.899378179762579;15.027322404371585;12.304503485961938
1977;9.844119036372225;9.92914501653283;11.327350023618328;11.828058573453;13.065658951346245;4.563060935285781;5.403873405762872;NA;NA;7.614548889938592;14.293811998110534;8.682097307510627;8.03023145961266;6.197449220595182;7.567312234293812;8.634860651865848;NA;11.65800661313179;10.930562116202173;10.14643363249882;10.486537553141238;8.738781294284365;10.50543221539915;6.216343882853094;8.672649976381672;8.238072744449692;7.727916863486064;8.96551724137931;13.141237600377892;NA;9.163911195087387;14.227680680207841;6.773736419461502;10.33538025507794;12.423240434577231;NA;5.177137458667926;8.87104393008975;7.8129428436466695;9.362305148795464;9.834671705243268;13.188474256022673;12.177609825224375;11.979215871516297;11.185640056683987;12.583845063769486;11.913084553613604;13.29239489844119;9.220595181861125;NA;9.966934341048654;9.71185640056684;13.613604156825696;NA;8.48370335380255;10.581010864430798;8.880491261218705;6.726499763816722;6.943788379782712;9.192253188474256;5.932923948984412;8.039678790741615;1.8044402456306095;8.068020784128484;7.699574870099197;17.354747283892298;9.485120453471895;6.376948512045347;15.493623051487953;3.731695795937648;9.315068493150685;7.179971658006614;9.825224374114311;NA;7.520075578649031
1978;10.86443079829948;16.17383089277279;18.2144544166273;17.1185640056684;15.436939064714217;NA;9.674067076051015;17.18469532357109;13.141237600377892;12.35710911667454;16.476145488899384;6.97213037316958;NA;7.520075578649031;NA;16.27775153519131;12.942843646669816;13.301842229570147;7.8885214926783185;14.917335852621635;13.689182805857344;10.051960321209258;10.996693434104865;13.736419461502125;12.423240434577231;15.285781766650922;16.041568256967405;11.563533301842229;12.300425129900804;NA;15.758148323098725;14.624468587623996;15.767595654227682;11.355692017005197;11.100614076523382;NA;11.185640056683987;6.8587623996221065;12.253188474256023;12.848370335380254;16.07935758148323;20.226735947094944;15.172413793103448;13.179026924893716;16.23051487954653;16.476145488899384;9.957487009919697;10.373169579593764;16.258856872933396;10.259801606046292;14.048181388757678;15.096835144071798;14.27491733585262;12.555503070382617;8.710439300897496;12.782239017477561;11.431270666036845;11.03448275862069;10.250354274917337;13.717524799244213;12.697213037316956;14.152102031176192;12.376003778932452;10.713273500236184;16.400566839867736;10.495984884270193;9.1828058573453;16.041568256967405;15.918752952290976;9.532357109116676;14.879546528105811;15.030703826169105;9.66461974492206;11.478507321681624;16.51393481341521
1979;10.72272083136514;7.8790741615493625;10.45819555975437;10.486537553141236;7.350023618327822;16.06046291922532;7.472838923004252;9.362305148795464;3.79782711384034;16.022673594709495;12.102031176192725;6.480869154463864;NA;7.340576287198866;8.956069910250354;12.961738308927728;8.153046764289089;10.108644307982996;10.543221539914974;11.025035427491733;8.247520075578649;5.129900803023146;9.607935758148322;7.312234293811998;12.905054322153992;9.796882380727444;6.953235710911668;10.02361832782239;11.147850732168163;12.04534718941899;15.654227680680208;10.429853566367502;12.253188474256023;7.973547472838923;6.8398677373641945;7.794048181388757;5.715635333018422;11.572980632971186;10.656589513462448;11.931979215871516;9.721303731695796;8.719886632026451;6.80207841284837;9.1828058573453;9.834671705243268;8.663202645252715;6.811525743977326;NA;8.974964572508267;10.004723665564478;10.136986301369863;9.957487009919697;10.760510155880963;6.8493150684931505;7.8885214926783185;10.250354274917337;9.900803023145961;12.423240434577231;9.919697685403873;9.674067076051015;12.083136513934814;12.04534718941899;9.371752479924421;9.10722720831365;9.13556920170052;3.589985829003307;10.231459612659425;11.667453944260746;8.43646669815777;22.560226735947094;9.371752479924421;8.899385923476617;10.609352857817667;11.185640056683987;15.087387812942843
1980;19.926512153759184;14.92368569813454;14.80120595439985;12.210288298473714;15.027322404371585;10.015074429998116;14.056905973242886;17.24137931034483;8.846806105144148;13.49161484831355;12.068965517241379;NA;12.643678160919542;9.063501036367063;25.62653099679668;14.772941398153383;31.948370077256456;15.997738835500282;13.661202185792352;12.766157904654229;12.370454117203693;10.128132654983983;16.205012247974373;13.086489542114188;14.584511023176935;14.414923685698133;16.26154136046731;NA;12.068965517241379;11.607311098549086;16.534765404183155;10.307141511211608;15.385340116826832;13.755417373280574;11.861692104767288;13.519879404560015;8.677218767665346;13.585830035801772;9.148294705106464;13.01111739212361;15.093273035613342;6.557377049180328;11.62615413604673;13.387978142076504;9.694742792538156;14.226493310721688;10.7687959299039;10.627473148671566;7.46184284906727;15.432447710570942;11.842849067269643;11.739212361032598;17.78782739777652;12.982852835877143;7.622008667797249;16.120218579234972;14.772941398153383;9.185980780101751;8.074241567740719;18.786508385151688;18.14584511023177;10.966647823629168;12.31392500471076;20.68023365366497;16.289805916713775;12.295081967213115;20.38816657245148;16.327491991709064;12.954588279630677;11.183342754852083;22.18767665347654;16.6384021104202;19.24816280384398;16.8927831166384;20.265686828716788
1981;16.806802078412847;16.495040151157298;11.544638639584317;12.18705715635333;18.02550779404818;12.432687765706188;10.45819555975437;16.9674067076051;9.513462446858762;11.185640056683987;12.073689182805857;17.175247992442134;13.084553613604157;9.579593764761455;NA;11.25177137458668;13.519130845536138;12.52716107699575;16.117146905999054;10.713273500236184;10.354274917335852;15.521965044874822;11.450165328294757;NA;15.710911667453944;18.44119036372225;12.281530467642892;8.285309400094473;9.61738308927728;19.6126594237128;11.459612659423712;9.163911195087387;12.564950401511574;16.27775153519131;16.54227680680208;10.155880963627775;12.23429381199811;16.740670760510156;10.1936702881436;13.726972130373168;10.732168162494094;7.491733585262164;11.950873878129428;13.05621162021729;10.713273500236184;12.281530467642892;14.218233349078885;9.437883797827114;7.274444969296173;12.404345772319319;9.409541804440245;8.625413320736893;17.57203589985829;15.512517713745865;10.968351440717997;15.67312234293812;15.531412376003779;8.597071327350024;8.880491261218705;NA;11.884742560226735;15.862068965517242;10.524326877657062;NA;11.469059990552669;13.33963155408597;19.17808219178082;13.377420878601795;11.686348606518658;NA;14.35049598488427;15.172413793103448;14.936230514879547;15.134624468587624;16.32498819083609
1982;2.3996221067548418;6.386395843174303;5.8006613131790274;5.016532829475673;5.47945205479452;10.571563533301841;13.19792158715163;11.478507321681624;3.7033538025507795;7.406707605101559;8.360888049126123;7.9357581483230994;3.8828530940009447;3.476617855455834;11.459612659423712;5.025980160604629;3.7505904581955596;5.063769485120454;3.8545111006140766;5.838450637694851;7.709022201228153;7.8979688238072745;4.449692961738308;4.270193670288144;6.405290505432215;8.379782711384035;6.518658478979688;4.005668398677374;8.5592820028342;5.035427491733585;6.461974492205952;5.318847425602267;5.7345299952763344;NA;4.922059518186113;NA;4.307982994803968;10.231459612659425;3.1459612659423715;8.12470477090222;4.090694378837978;2.267359470949457;4.657534246575342;4.997638167217762;5.299952763344355;NA;7.397260273972603;0.821917808219178;11.894189891355692;7.45394426074634;6.414737836561171;2.267359470949457;5.422768068020784;10.647142182333491;2.191780821917808;2.031176192725555;3.0325932923948984;5.451110061407652;NA;5.101558809636278;4.100141709966934;4.081247047709023;6.263580538497875;7.7373641946150205;4.657534246575342;4.307982994803968;9.61738308927728;6.877657061880019;3.7505904581955596;3.060935285781767;6.556447803495513;6.679263108171941;5.460557392536609;3.731695795937648;5.980160604629193
1983;6.027397260273973;7.850732168162494;14.73783656117147;10.004723665564478;8.408124704770902;NA;12.064241851676902;7.8129428436466695;7.699574870099197;9.749645725082665;12.895606991025035;10.873878129428437;7.623996221067548;4.383561643835616;NA;NA;8.814359943316013;7.104393008974965;6.499763816721776;8.039678790741615;10.45819555975437;7.690127538970241;8.587623996221067;7.548417572035899;9.598488427019367;6.735947094945678;11.091166745394426;8.086915446386396;10.014170996693435;8.474256022673595;4.940954180444025;NA;11.280113367973547;4.80869154463864;9.75909305621162;11.506849315068493;8.417572035899857;7.170524326877657;11.4407179971658;17.07132735002362;9.296173830892773;7.350023618327822;8.77657061880019;9.163911195087387;8.644307982994803;11.100614076523382;8.880491261218705;9.749645725082665;13.594709494567786;11.147850732168163;11.365139348134152;8.12470477090222;8.634860651865848;9.485120453471895;3.9773264052905053;5.8573452999527635;7.321681624940954;5.8006613131790274;NA;7.9074161549362305;10.486537553141238;7.605101558809636;9.08833254605574;7.444496929617383;6.471421823334908;10.486537553141236;5.366084081247047;7.8790741615493625;8.427019367028814;5.394426074633916;9.815777042985356;9.692961738308927;NA;5.507794048181388;9.919697685403873
1984;8.206142830224232;8.856227623892972;9.148294705106464;8.743169398907105;6.840022611644997;9.412097230073488;5.144149236856981;11.17392123610326;5.765969474279254;10.448464292443942;6.265309967966837;10.071603542491049;10.410778217448653;7.301677030337291;NA;11.239871867345016;9.609949123798756;15.554927454305634;12.03127944224609;10.40135669869983;5.907292255511589;9.920859242509893;9.647635198794045;6.802336536649708;6.557377049180328;7.8481251177689835;9.675899755040513;9.58168456755229;13.453928773318257;11.805162992274354;5.784812511776898;3.674392312040701;8.422837761447145;3.683813830789523;11.042019973619748;14.019219898247599;9.242509892594686;17.363859054079516;13.95326926700584;12.455247785943094;10.062182023742228;7.735066892783117;7.763331449029584;6.152251742980969;8.460523836442436;8.149613717731299;14.575089504428112;8.488788392688901;9.072922555115886;7.037874505370266;7.801017524024872;9.110608630111173;11.701526286037309;6.849444130393819;6.350103636706238;7.329941586583757;9.572263048803467;6.5762200866779725;3.3729037120783874;16.986998304126626;12.03127944224609;10.947804786131526;7.0944036178632;13.46335029206708;5.313736574335783;10.787638967401545;9.289617486338798;9.704164311286979;7.4147352553231585;11.550781986056153;8.064820048991898;11.17392123610326;14.047484454494064;16.374599585453176;16.365178066704352
1985;NA;NA;6.44307982994804;4.459140292867265;8.861596598960794;NA;8.91828058573453;3.731695795937648;10.061407652338215;16.022673594709495;14.860651865847899;8.323098724610297;13.396315540859707;10.061407652338215;10.514879546528105;10.854983467170525;13.641946150212563;13.859234766178554;9.966934341048654;15.446386395843174;9.390647142182333;9.85356636750118;12.848370335380254;NA;8.889938592347661;4.7992442135096836;9.522909777987719;8.852149267831837;13.094000944733114;9.390647142182333;9.201700519603213;13.05621162021729;10.55266887104393;7.709022201228153;11.025035427491733;14.170996693434104;8.899385923476617;12.999527633443552;11.941426547000471;12.054794520547945;9.910250354274917;9.390647142182333;9.674067076051015;10.694378837978272;9.163911195087387;9.40009447331129;10.86443079829948;10.543221539914974;15.729806329711856;8.049126121870572;10.11809163911195;12.23429381199811;11.846953235710913;10.562116202172886;10.231459612659425;10.637694851204534;11.119508738781295;12.546055739253662;7.850732168162494;11.08171941426547;9.23004251299008;8.370335380255078;8.615965989607936;5.649504015115729;4.7897968823807275;7.8979688238072745;9.059990552668872;6.273027869626831;NA;4.978743504959849;4.7709022201228155;4.270193670288144;10.080302314596127;NA;11.846953235710913
1986;6.395843174303259;6.254133207368919;3.599433160132263;3.0420406235238544;9.730751062824753;2.550779404818139;11.08171941426547;4.7803495512517715;9.437883797827114;10.996693434104865;9.872461029759092;8.058573452999527;10.590458195559755;10.203117619272556;8.181388757675956;9.948039678790742;7.45394426074634;11.22342938119981;11.402928672649976;13.887576759565423;9.777987718469532;8.91828058573453;9.551251771374588;6.509211147850732;5.7061880018894655;5.243268776570619;3.5805384978743504;5.7628719886632025;9.815777042985356;NA;16.39111950873878;14.66225791213982;10.514879546528105;3.060935285781767;6.80207841284837;10.165328294756732;8.408124704770902;8.105810108644308;11.025035427491733;8.663202645252715;10.1936702881436;7.482286254133208;6.348606518658478;8.530940009447331;8.606518658478981;10.014170996693435;7.435049598488427;8.5592820028342;11.78082191780822;7.520075578649031;11.790269248937175;8.993859234766179;10.203117619272556;8.672649976381672;NA;10.051960321209258;8.908833254605574;7.009919697685405;4.7331128956069914;10.514879546528105;5.413320736891828;5.621162021728861;3.401039206424185;7.7468115257439765;4.052905054322154;8.408124704770902;6.981577704298536;5.725082664147378;5.252716107699575;6.868209730751063;5.111006140765234;4.54416627302787;4.005668398677374;8.285309400094473;5.819555975436939
1987;12.640529050543222;11.03448275862069;7.387812942843647;5.8006613131790274;7.9452054794520555;7.340576287198866;15.125177137458667;10.67548417572036;NA;13.150684931506849;13.320736891828059;15.257439773264053;9.910250354274917;NA;11.752479924421351;10.89277279168635;14.4733112895607;14.511100614076526;13.764761454888994;13.26405290505432;12.923948984411904;9.437883797827114;12.385451110061407;14.246575342465754;11.185640056683987;12.612187057156355;10.713273500236184;9.01275389702409;16.495040151157298;14.624468587623996;15.758148323098725;18.072744449692962;13.112895606991026;13.679735474728389;9.598488427019367;11.204534718941899;10.11809163911195;11.119508738781295;12.867264997638166;NA;16.37222484648087;14.454416627302788;13.226263580538497;14.010392064241852;12.942843646669816;7.784600850259801;10.590458195559755;11.591875295229098;12.631081719414267;12.583845063769486;11.261218705715635;12.668871043930091;11.261218705715635;9.078885214926784;8.682097307510627;12.394898441190364;NA;8.833254605573925;13.641946150212563;10.930562116202173;11.572980632971186;8.87104393008975;9.381199811053378;9.532357109116676;8.12470477090222;10.420406235238545;7.7468115257439765;6.698157770429853;8.908833254605574;9.872461029759092;NA;8.256967406707606;5.602267359470949;10.278696268304204;6.376948512045347
1988;NA;NA;8.451102317693612;8.752590917655926;4.9368758243828905;5.511588468061052;9.572263048803467;8.469945355191257;5.210099868098737;6.670435274166196;NA;NA;4.955718861880535;NA;10.269455436216319;11.05144149236857;8.385151686451856;8.714904842660637;4.993404936875825;5.407951761824005;NA;NA;6.764650461654418;NA;NA;NA;NA;NA;6.9719238741285094;4.437535330695308;5.304315055586961;4.465799886941775;6.990766911626155;10.081025061239872;7.46184284906727;5.784812511776898;6.434897305445637;NA;5.794234030525721;NA;NA;NA;NA;NA;7.254569436593179;NA;NA;9.591106086301112;6.368946674203882;2.9677784058790277;5.652911249293386;5.624646693046919;6.067458074241568;9.393254192575844;8.328622573958922;NA;4.720180893159977;3.4953834558130774;3.740342943282457;NA;NA;NA;NA;NA;NA;NA;NA;NA;6.915394761635575;3.759185980780102;NA;6.001507442999811;NA;NA;NA
1989;6.348606518658478;6.537553141237601;7.340576287198866;16.01322626358054;14.539442607463391;6.735947094945678;NA;NA;NA;6.49031648559282;5.43221539914974;9.078885214926784;8.351440717997166;6.424185167690127;5.422768068020784;NA;7.964100141709967;9.863013698630137;11.648559282002834;7.264997638167217;15.682569674067077;12.593292394898443;9.418989135569202;10.136986301369863;8.74822862541332;12.215399149740199;9.504015115729807;10.45819555975437;9.645725082664146;7.246102975909306;5.829003306565895;5.526688710439301;NA;14.256022673594709;9.30562116202173;7.274444969296173;12.394898441190364;6.962683042040624;10.618800188946622;7.161076995748701;9.985829003306566;15.02125649504015;7.340576287198866;11.015588096362777;9.01275389702409;14.624468587623996;8.625413320736893;15.247992442135097;12.158715162966462;15.493623051487953;13.868682097307511;7.359470949456778;5.403873405762872;15.172413793103448;8.82380727444497;5.460557392536609;5.7439773264052905;4.553613604156825;4.572508266414737;2.8814359943316012;7.45394426074634;6.650921114785073;12.442135096835145;3.070382616910723;8.445914029286726;8.634860651865848;5.791213982050071;6.027397260273973;7.246102975909306;2.834199338686821;8.937175247992442;4.307982994803968;4.7236655644780345;5.47945205479452;5.025980160604629
1990;3.230987246102976;3.920642418516769;1.870571563533302;NA;5.876239962210676;NA;4.818138875767596;5.328294756731224;NA;9.352857817666509;10.089749645725082;4.600850259801606;9.702409069437884;8.899385923476617;5.063769485120454;NA;12.867264997638166;12.583845063769486;14.029286726499764;14.048181388757678;6.58478979688238;5.007085498346718;7.350023618327822;5.8573452999527635;5.47945205479452;6.13131790269249;7.33112895606991;5.980160604629193;6.887104393008975;3.8261691072272086;6.405290505432215;3.9867737364194613;3.259329239489844;10.14643363249882;3.372697213037317;4.534718941898914;9.022201228153047;8.427019367028814;9.541804440245631;NA;NA;13.396315540859707;NA;NA;6.660368445914029;5.9329239489844126;5.602267359470949;9.891355692017004;6.017949929145017;NA;9.286726499763818;4.411903637222485;4.270193670288144;10.59990552668871;8.719886632026451;3.514407179971658;4.893717524799245;4.222957014643363;7.841284837033538;4.10958904109589;3.5049598488427023;4.553613604156826;5.658951346244686;3.070382616910723;3.108171941426547;NA;2.191780821917808;4.7709022201228155;3.5521965044874824;1.2753897024090695;3.514407179971658;1.6060462919225318;5.951818611242324;9.022201228153047;7.094945677846008
1991;13.186813186813188;15.659340659340659;11.232876712328768;18.13031161473088;16.164383561643834;NA;13.972602739726028;NA;NA;15.966386554621847;19.444444444444446;12.396694214876034;15.342465753424658;15.342465753424658;NA;13.698630136986301;18.105849582172702;NA;20.385674931129476;NA;15.277777777777779;11.232876712328768;16.208791208791208;16.208791208791208;11.232876712328768;14.285714285714285;12.362637362637363;9.340659340659341;18.63013698630137;9.315068493150685;16.43835616438356;15.068493150684931;13.972602739726028;14.520547945205479;14.794520547945206;16.43835616438356;15.342465753424658;20.87912087912088;24.383561643835616;18.13186813186813;NA;19.28374655647383;NA;NA;16.71232876712329;13.461538461538462;17.079889807162534;13.698630136986301;NA;12.876712328767123;14.520547945205479;15.342465753424658;15.068493150684931;17.80821917808219;12.912087912087914;11.911357340720222;NA;8.767123287671232;11.506849315068493;11.570247933884298;15.469613259668508;11.263736263736265;12.876712328767123;8.21917808219178;13.424657534246576;6.301369863013699;NA;10.164835164835164;14.206128133704734;6.301369863013699;12.876712328767123;10.136986301369863;12.362637362637363;21.91780821917808;15.469613259668508
1992;1.36986301369863;3.278688524590164;9.803921568627452;4.098360655737705;4.371584699453552;2.459016393442623;NA;5.46448087431694;3.825136612021858;5.769230769230769;7.162534435261708;6.8493150684931505;7.377049180327869;6.284153005464481;6.0109289617486334;3.278688524590164;NA;NA;11.32596685082873;5.737704918032787;5.191256830601093;3.5616438356164384;4.931506849315069;5.769230769230769;4.098360655737705;4.40771349862259;8.469945355191257;3.571428571428571;4.644808743169399;3.278688524590164;4.918032786885246;10.10928961748634;6.557377049180328;2.73224043715847;5.205479452054795;5.737704918032787;5.46448087431694;12.362637362637363;6.6115702479338845;9.94475138121547;11.294765840220386;9.141274238227147;7.103825136612022;6.318681318681318;6.284153005464481;5.46448087431694;2.4861878453038675;7.377049180327869;NA;5.46448087431694;4.098360655737705;6.557377049180328;4.371584699453552;4.371584699453552;NA;4.10958904109589;5.4945054945054945;2.459016393442623;4.098360655737705;9.863013698630137;9.94475138121547;3.287671232876712;7.671232876712329;3.825136612021858;6.8493150684931505;3.825136612021858;7.103825136612022;6.557377049180328;4.918032786885246;7.923497267759563;7.923497267759563;4.371584699453552;1.912568306010929;12.32876712328767;4.683195592286501
1993;9.116022099447514;7.123287671232877;11.78082191780822;9.04109589041096;13.150684931506849;5.7534246575342465;8.21917808219178;9.863013698630137;8.767123287671232;8.493150684931507;8.516483516483516;9.863013698630137;11.232876712328768;8.493150684931507;10.41095890410959;7.397260273972603;NA;NA;NA;NA;10.335195530726256;7.43801652892562;9.315068493150685;11.232876712328768;9.863013698630137;4.683195592286501;12.054794520547945;7.6923076923076925;6.8493150684931505;7.671232876712329;8.21917808219178;12.32876712328767;10.684931506849315;10.41095890410959;8.493150684931507;9.04109589041096;9.863013698630137;10.41095890410959;10.164835164835164;11.506849315068493;12.054794520547945;12.362637362637363;10.43956043956044;10.41095890410959;9.58904109589041;10.684931506849315;10.714285714285714;7.397260273972603;7.397260273972603;9.04109589041096;12.32876712328767;8.767123287671232;8.767123287671232;12.054794520547945;12.32876712328767;6.868131868131869;8.21917808219178;5.7534246575342465;8.493150684931507;7.734806629834254;9.065934065934066;8.493150684931507;11.506849315068493;5.47945205479452;8.241758241758241;8.493150684931507;8.493150684931507;7.123287671232877;8.493150684931507;18.63013698630137;9.315068493150685;6.575342465753424;8.767123287671232;11.634349030470915;11.232876712328768
1994;5.21978021978022;1.9178082191780823;3.0136986301369864;4.383561643835616;5.205479452054795;2.4657534246575343;2.5;2.4657534246575343;4.945054945054945;7.9452054794520555;5.4945054945054945;3.8356164383561646;4.10958904109589;4.10958904109589;13.698630136986301;6.301369863013699;4.931506849315069;4.931506849315069;4.931506849315069;4.10958904109589;3.8356164383561646;3.8461538461538463;5.47945205479452;5.7534246575342465;4.986149584487535;3.5616438356164384;6.027397260273973;4.444444444444445;5.7534246575342465;6.301369863013699;5.47945205479452;6.575342465753424;6.575342465753424;NA;4.931506849315069;5.205479452054795;4.931506849315069;7.9452054794520555;7.9452054794520555;5.7534246575342465;5.47945205479452;5.47945205479452;5.205479452054795;4.10958904109589;4.931506849315069;5.263157894736842;5.4945054945054945;3.5616438356164384;4.931506849315069;4.931506849315069;10.41095890410959;NA;3.8356164383561646;3.287671232876712;NA;4.10958904109589;5.5096418732782375;2.191780821917808;7.123287671232877;4.931506849315069;5.21978021978022;2.191780821917808;5.205479452054795;2.5;2.479338842975207;3.8461538461538463;3.0386740331491713;1.6483516483516485;3.8356164383561646;8.21917808219178;3.287671232876712;2.191780821917808;1.36986301369863;4.670329670329671;3.8567493112947657
1995;10.41095890410959;7.671232876712329;13.972602739726028;8.493150684931507;NA;8.767123287671232;8.767123287671232;NA;10.714285714285714;10.136986301369863;10.136986301369863;10.46831955922865;9.863013698630137;10.41095890410959;10.41095890410959;13.424657534246576;NA;9.04109589041096;12.876712328767123;7.9452054794520555;12.362637362637363;9.58904109589041;NA;9.366391184573002;13.424657534246576;7.417582417582418;9.863013698630137;9.04109589041096;9.04109589041096;NA;11.232876712328768;12.32876712328767;10.41095890410959;14.246575342465754;9.89010989010989;8.767123287671232;13.424657534246576;15.068493150684931;15.616438356164384;9.863013698630137;10.136986301369863;11.232876712328768;13.186813186813188;11.634349030470915;11.232876712328768;11.506849315068493;16.71232876712329;5.47945205479452;9.863013698630137;8.767123287671232;10.95890410958904;NA;9.863013698630137;9.04109589041096;NA;9.863013698630137;10.41095890410959;4.383561643835616;7.9452054794520555;9.04109589041096;7.397260273972603;7.397260273972603;13.698630136986301;9.04109589041096;11.506849315068493;10.743801652892563;9.863013698630137;7.967032967032966;13.972602739726028;13.698630136986301;11.232876712328768;14.794520547945206;7.967032967032966;8.011049723756907;9.065934065934066
1996;8.791208791208792;6.557377049180328;9.289617486338798;7.923497267759563;NA;12.054794520547945;NA;NA;8.469945355191257;8.767123287671232;14.246575342465754;10.655737704918032;12.841530054644808;13.387978142076504;5.737704918032787;NA;NA;13.114754098360656;15.027322404371585;11.202185792349727;10.95890410958904;9.315068493150685;8.767123287671232;7.671232876712329;8.743169398907105;5.191256830601093;9.04109589041096;7.377049180327869;13.661202185792352;8.743169398907105;9.01639344262295;12.295081967213115;11.202185792349727;10.92896174863388;NA;5.737704918032787;13.661202185792352;16.986301369863014;11.475409836065573;9.315068493150685;9.315068493150685;15.068493150684931;13.736263736263737;13.736263736263737;13.934426229508196;11.202185792349727;12.637362637362637;9.01639344262295;10.92896174863388;12.021857923497267;11.748633879781421;9.836065573770492;11.475409836065573;6.557377049180328;16.939890710382514;NA;11.78082191780822;6.557377049180328;10.10928961748634;9.58904109589041;9.04109589041096;7.397260273972603;9.58904109589041;9.01639344262295;10.655737704918032;10.92896174863388;8.21917808219178;12.841530054644808;13.661202185792352;12.295081967213115;10.655737704918032;8.469945355191257;7.9452054794520555;8.493150684931507;7.923497267759563
1997;4.40771349862259;4.1551246537396125;7.123287671232877;2.191780821917808;NA;6.8493150684931505;6.301369863013699;NA;7.397260273972603;8.21917808219178;11.78082191780822;7.6923076923076925;7.671232876712329;5.7534246575342465;5.47945205479452;6.575342465753424;5.205479452054795;7.9452054794520555;8.493150684931507;7.123287671232877;6.027397260273973;5.47945205479452;NA;4.931506849315069;9.04109589041096;3.0303030303030303;9.58904109589041;10.95890410958904;9.58904109589041;8.21917808219178;7.123287671232877;7.671232876712329;7.671232876712329;7.671232876712329;NA;4.10958904109589;6.318681318681318;6.8493150684931505;6.027397260273973;7.397260273972603;8.21917808219178;11.78082191780822;7.9452054794520555;5.47945205479452;9.315068493150685;1.9662921348314606;5.47945205479452;7.671232876712329;7.397260273972603;11.78082191780822;6.027397260273973;6.575342465753424;4.931506849315069;6.575342465753424;9.58904109589041;NA;4.657534246575342;4.657534246575342;7.9452054794520555;7.9452054794520555;9.366391184573002;9.315068493150685;9.641873278236915;7.671232876712329;6.027397260273973;6.8493150684931505;3.296703296703297;7.397260273972603;NA;10.684931506849315;5.47945205479452;5.205479452054795;NA;3.5616438356164384;3.021978021978022
1998;7.988980716253444;5.47945205479452;7.9452054794520555;8.21917808219178;NA;8.493150684931507;8.493150684931507;14.084507042253522;6.301369863013699;9.89010989010989;NA;10.684931506849315;10.684931506849315;7.9452054794520555;9.863013698630137;NA;7.9452054794520555;10.136986301369863;12.876712328767123;10.41095890410959;5.47945205479452;9.340659340659341;8.241758241758241;7.123287671232877;9.863013698630137;6.868131868131869;6.868131868131869;6.301369863013699;5.7534246575342465;8.21917808219178;8.767123287671232;7.397260273972603;8.21917808219178;NA;NA;6.301369863013699;12.32876712328767;12.876712328767123;11.232876712328768;9.863013698630137;13.150684931506849;NA;NA;NA;10.684931506849315;6.027397260273973;8.539944903581267;8.767123287671232;10.95890410958904;9.04109589041096;NA;NA;6.8493150684931505;8.21917808219178;15.068493150684931;NA;NA;8.767123287671232;8.767123287671232;15.659340659340659;7.671232876712329;7.9452054794520555;NA;10.136986301369863;7.967032967032966;9.04109589041096;9.615384615384617;8.516483516483516;NA;16.71232876712329;NA;10.136986301369863;9.550561797752808;9.863013698630137;10.714285714285714
1999;NA;NA;6.043956043956044;NA;6.575342465753424;NA;8.767123287671232;9.863013698630137;4.10958904109589;NA;NA;NA;7.123287671232877;6.8493150684931505;9.04109589041096;NA;5.47945205479452;NA;9.863013698630137;6.301369863013699;NA;NA;NA;NA;NA;3.6414565826330536;NA;NA;7.671232876712329;6.301369863013699;9.315068493150685;4.931506849315069;6.575342465753424;NA;NA;NA;15.384615384615385;NA;9.89010989010989;NA;NA;NA;NA;NA;8.88888888888889;NA;8.262108262108262;4.383561643835616;5.205479452054795;7.671232876712329;NA;NA;4.383561643835616;7.397260273972603;9.315068493150685;NA;NA;7.671232876712329;7.671232876712329;NA;NA;NA;NA;NA;NA;NA;NA;NA;5.47945205479452;12.32876712328767;NA;7.671232876712329;NA;NA;NA
2000;NA;NA;6.284153005464481;4.098360655737705;3.825136612021858;2.459016393442623;6.043956043956044;7.377049180327869;NA;NA;NA;NA;6.557377049180328;5.737704918032787;4.918032786885246;NA;4.10958904109589;5.46448087431694;6.830601092896176;5.46448087431694;NA;NA;NA;NA;4.213483146067416;1.1396011396011396;3.6211699164345403;3.4090909090909087;2.73224043715847;4.918032786885246;5.737704918032787;5.46448087431694;3.278688524590164;5.737704918032787;NA;3.825136612021858;8.19672131147541;NA;6.593406593406594;NA;5.322128851540616;NA;6.318681318681318;NA;7.650273224043716;NA;NA;4.098360655737705;4.098360655737705;4.098360655737705;6.557377049180328;3.825136612021858;NA;5.737704918032787;7.103825136612022;7.103825136612022;4.444444444444445;6.557377049180328;5.737704918032787;3.932584269662921;NA;NA;NA;1.69971671388102;4.519774011299435;6.983240223463687;NA;3.6619718309859155;NA;8.011049723756907;NA;5.191256830601093;NA;NA;5.070422535211268
2001;NA;4.1208791208791204;4.383561643835616;4.931506849315069;5.205479452054795;NA;7.123287671232877;NA;NA;10.989010989010989;NA;9.366391184573002;9.863013698630137;8.21917808219178;7.397260273972603;NA;7.397260273972603;10.684931506849315;11.506849315068493;10.684931506849315;7.162534435261708;7.397260273972603;9.065934065934066;7.397260273972603;8.241758241758241;NA;11.84573002754821;5.865921787709497;6.027397260273973;9.315068493150685;9.315068493150685;7.397260273972603;6.8493150684931505;5.7534246575342465;NA;NA;12.672176308539946;9.917355371900827;9.315068493150685;6.575342465753424;13.424657534246576;16.164383561643834;10.95890410958904;10.989010989010989;10.684931506849315;7.458563535911603;NA;7.123287671232877;4.657534246575342;6.575342465753424;9.315068493150685;NA;NA;11.506849315068493;12.054794520547945;NA;NA;9.315068493150685;10.95890410958904;4.931506849315069;NA;5.248618784530387;6.301369863013699;7.458563535911603;8.21917808219178;3.287671232876712;NA;6.575342465753424;NA;7.9452054794520555;NA;5.47945205479452;6.593406593406594;9.863013698630137;9.065934065934066
2002;NA;3.6011080332409975;4.383561643835616;3.5616438356164384;4.10958904109589;NA;4.931506849315069;5.205479452054795;3.8567493112947657;10.714285714285714;4.43213296398892;5.769230769230769;6.575342465753424;3.287671232876712;6.027397260273973;NA;3.5616438356164384;5.47945205479452;6.8493150684931505;6.8493150684931505;4.10958904109589;5.540166204986149;4.383561643835616;4.670329670329671;4.395604395604396;3.32409972299169;7.43801652892562;4.395604395604396;4.931506849315069;3.8461538461538463;7.123287671232877;2.73972602739726;5.47945205479452;NA;5.833333333333333;NA;7.123287671232877;16.164383561643834;7.9452054794520555;NA;8.516483516483516;3.5616438356164384;7.397260273972603;5.382436260623229;7.417582417582418;9.315068493150685;NA;3.8356164383561646;NA;4.1208791208791204;4.383561643835616;6.301369863013699;5.865921787709497;7.9452054794520555;NA;4.1208791208791204;3.8356164383561646;3.287671232876712;3.5616438356164384;2.73972602739726;1.095890410958904;6.043956043956044;NA;8.333333333333332;15.068493150684931;3.287671232876712;11.263736263736265;4.132231404958678;6.027397260273973;NA;6.301369863013699;3.591160220994475;6.983240223463687;9.340659340659341;5.769230769230769
2003;NA;5.785123966942149;4.1208791208791204;3.5616438356164384;4.931506849315069;7.397260273972603;NA;10.41095890410959;3.287671232876712;11.538461538461538;NA;6.887052341597796;8.493150684931507;8.21917808219178;NA;7.9452054794520555;6.353591160220995;9.58904109589041;12.32876712328767;NA;7.162534435261708;5.056179775280898;7.967032967032966;5.524861878453039;8.033240997229916;4.972375690607735;6.9252077562326875;3.296703296703297;8.791208791208792;7.756232686980609;14.520547945205479;6.8493150684931505;5.47945205479452;6.027397260273973;5.21978021978022;8.81542699724518;12.32876712328767;NA;10.192837465564738;8.333333333333332;9.89010989010989;10.164835164835164;13.774104683195592;13.687150837988826;10.95890410958904;11.538461538461538;NA;11.232876712328768;6.575342465753424;4.931506849315069;8.21917808219178;7.123287671232877;7.142857142857142;13.972602739726028;10.95890410958904;8.791208791208792;10.164835164835164;7.397260273972603;5.7534246575342465;4.670329670329671;4.945054945054945;3.3057851239669422;9.340659340659341;6.460674157303371;16.208791208791208;6.629834254143646;11.878453038674033;10.43956043956044;3.581267217630854;23.545706371191137;9.315068493150685;9.315068493150685;8.56353591160221;9.366391184573002;NA
2004;5.191256830601093;3.571428571428571;6.284153005464481;3.32409972299169;5.027932960893855;5.191256830601093;NA;8.469945355191257;2.73224043715847;8.469945355191257;6.8493150684931505;5.191256830601093;9.289617486338798;8.469945355191257;NA;7.650273224043716;NA;9.01639344262295;NA;9.562841530054644;6.557377049180328;3.825136612021858;5.737704918032787;4.371584699453552;4.931506849315069;7.417582417582418;11.813186813186812;6.0109289617486334;5.46448087431694;3.0136986301369864;8.19672131147541;7.9452054794520555;5.191256830601093;6.830601092896176;6.318681318681318;NA;9.01639344262295;13.661202185792352;5.191256830601093;6.301369863013699;7.650273224043716;7.650273224043716;7.671232876712329;7.103825136612022;7.650273224043716;7.103825136612022;7.9452054794520555;4.098360655737705;NA;5.737704918032787;4.644808743169399;NA;7.9452054794520555;10.382513661202186;9.89010989010989;9.04109589041096;9.289617486338798;6.557377049180328;6.0109289617486334;3.825136612021858;3.825136612021858;4.41988950276243;8.743169398907105;4.644808743169399;12.295081967213115;4.098360655737705;7.650273224043716;10.92896174863388;7.202216066481995;22.6775956284153;8.743169398907105;5.737704918032787;7.103825136612022;15.426997245179063;NA
2005;6.593406593406594;6.318681318681318;7.397260273972603;7.967032967032966;6.868131868131869;13.186813186813188;NA;15.616438356164384;5.205479452054795;10.43956043956044;10.714285714285714;4.722222222222222;13.424657534246576;12.054794520547945;NA;11.232876712328768;NA;NA;15.890410958904111;12.32876712328767;10.43956043956044;7.417582417582418;11.263736263736265;7.43801652892562;9.065934065934066;7.6923076923076925;8.516483516483516;5.769230769230769;5.7534246575342465;6.0606060606060606;12.602739726027398;12.054794520547945;10.95890410958904;10.136986301369863;7.123287671232877;7.9452054794520555;13.698630136986301;12.087912087912088;10.136986301369863;14.010989010989011;12.912087912087914;11.263736263736265;13.736263736263737;14.010989010989011;12.876712328767123;12.912087912087914;12.362637362637363;9.315068493150685;9.58904109589041;NA;9.58904109589041;NA;9.94475138121547;8.767123287671232;NA;12.396694214876034;11.813186813186812;10.684931506849315;10.989010989010989;7.967032967032966;7.734806629834254;10.164835164835164;8.516483516483516;12.672176308539946;12.362637362637363;5.21978021978022;12.362637362637363;13.498622589531681;9.89010989010989;32.32876712328767;13.698630136986301;NA;9.090909090909092;11.1731843575419;12.087912087912088
2006;7.142857142857142;6.094182825484765;4.657534246575342;4.931506849315069;5.47945205479452;8.767123287671232;NA;11.232876712328768;5.7534246575342465;8.241758241758241;9.97229916897507;7.6923076923076925;10.136986301369863;7.397260273972603;NA;9.04109589041096;7.142857142857142;NA;9.58904109589041;NA;6.043956043956044;8.241758241758241;8.791208791208792;7.162534435261708;7.9452054794520555;8.516483516483516;7.988980716253444;7.18232044198895;6.197183098591549;NA;9.04109589041096;6.8493150684931505;8.493150684931507;8.767123287671232;6.301369863013699;5.205479452054795;9.04109589041096;6.575342465753424;7.671232876712329;8.241758241758241;10.41095890410959;11.506849315068493;7.6923076923076925;11.32596685082873;10.684931506849315;10.192837465564738;7.123287671232877;6.575342465753424;8.767123287671232;NA;8.767123287671232;9.315068493150685;6.179775280898876;9.315068493150685;9.243697478991598;6.0606060606060606;5.7534246575342465;7.123287671232877;6.027397260273973;2.4657534246575343;3.6619718309859155;8.287292817679557;11.232876712328768;7.6923076923076925;7.967032967032966;12.054794520547945;5.234159779614325;6.8493150684931505;7.142857142857142;25.348189415041784;NA;6.301369863013699;3.296703296703297;7.671232876712329;6.318681318681318
2007;6.9252077562326875;5.4945054945054945;4.1208791208791204;4.10958904109589;NA;7.397260273972603;NA;6.353591160220995;2.7472527472527473;6.629834254143646;5.8495821727019495;6.593406593406594;7.9452054794520555;9.315068493150685;NA;NA;NA;NA;9.863013698630137;NA;7.967032967032966;6.593406593406594;11.813186813186812;6.043956043956044;6.887052341597796;7.6923076923076925;8.791208791208792;5.5096418732782375;7.397260273972603;5.555555555555555;4.657534246575342;7.397260273972603;NA;8.493150684931507;6.575342465753424;7.9452054794520555;11.263736263736265;10.43956043956044;9.89010989010989;NA;6.593406593406594;6.887052341597796;2.479338842975207;3.8461538461538463;3.3057851239669422;7.162534435261708;5.4945054945054945;5.205479452054795;8.493150684931507;NA;9.94475138121547;10.684931506849315;8.493150684931507;7.671232876712329;NA;4.696132596685083;8.264462809917356;4.383561643835616;5.205479452054795;3.581267217630854;5.58659217877095;6.887052341597796;7.909604519774012;9.97229916897507;11.538461538461538;3.571428571428571;13.223140495867769;4.945054945054945;8.767123287671232;15.342465753424658;5.47945205479452;7.417582417582418;8.21917808219178;11.570247933884298;6.575342465753424
2008;4.657534246575342;4.683195592286501;5.769230769230769;4.918032786885246;4.098360655737705;0.819672131147541;5.191256830601093;8.19672131147541;4.098360655737705;8.743169398907105;6.318681318681318;4.383561643835616;9.289617486338798;4.918032786885246;8.587257617728532;NA;NA;NA;9.01639344262295;8.493150684931507;9.836065573770492;4.383561643835616;7.377049180327869;4.644808743169399;4.383561643835616;6.8493150684931505;6.301369863013699;6.593406593406594;4.918032786885246;4.657534246575342;7.123287671232877;NA;6.575342465753424;3.825136612021858;4.644808743169399;6.0109289617486334;6.575342465753424;9.641873278236915;9.04109589041096;6.868131868131869;4.098360655737705;5.737704918032787;4.918032786885246;2.4657534246575343;4.371584699453552;8.19672131147541;5.7534246575342465;4.371584699453552;NA;5.737704918032787;5.46448087431694;7.923497267759563;4.371584699453552;5.205479452054795;NA;2.459016393442623;7.377049180327869;5.737704918032787;5.46448087431694;1.9230769230769231;1.643835616438356;6.301369863013699;6.0109289617486334;6.0109289617486334;10.382513661202186;6.0109289617486334;3.278688524590164;2.185792349726776;7.650273224043716;7.397260273972603;6.284153005464481;3.0054644808743167;7.103825136612022;6.301369863013699;4.383561643835616
2009;9.58904109589041;4.657534246575342;2.191780821917808;4.383561643835616;4.657534246575342;6.8493150684931505;7.9452054794520555;10.684931506849315;3.571428571428571;5.649717514124294;9.04109589041096;3.287671232876712;8.83977900552486;5.47945205479452;9.550561797752808;6.027397260273973;NA;NA;NA;NA;7.123287671232877;4.657534246575342;6.8493150684931505;5.769230769230769;6.301369863013699;4.670329670329671;NA;6.301369863013699;4.657534246575342;5.070422535211268;8.033240997229916;NA;6.868131868131869;2.4657534246575343;5.7534246575342465;6.318681318681318;9.863013698630137;10.684931506849315;8.21917808219178;6.027397260273973;7.123287671232877;6.8493150684931505;4.657534246575342;3.8356164383561646;6.027397260273973;8.21917808219178;6.575342465753424;2.73972602739726;NA;7.123287671232877;NA;NA;7.123287671232877;4.657534246575342;NA;5.205479452054795;7.397260273972603;7.417582417582418;9.315068493150685;2.73972602739726;4.931506849315069;7.123287671232877;6.575342465753424;7.123287671232877;9.863013698630137;6.868131868131869;6.593406593406594;7.6923076923076925;7.9452054794520555;8.493150684931507;9.315068493150685;7.397260273972603;6.575342465753424;6.027397260273973;4.931506849315069
2010;4.657534246575342;4.10958904109589;1.9178082191780823;3.287671232876712;3.5616438356164384;14.246575342465754;6.301369863013699;2.73972602739726;3.287671232876712;13.150684931506849;9.863013698630137;4.657534246575342;9.863013698630137;9.04109589041096;NA;NA;NA;NA;NA;12.876712328767123;7.123287671232877;4.10958904109589;7.123287671232877;3.5616438356164384;6.575342465753424;4.383561643835616;NA;4.10958904109589;7.9452054794520555;NA;NA;7.242339832869081;8;12.362637362637363;7.123287671232877;6.8493150684931505;15.068493150684931;15.616438356164384;9.315068493150685;6.593406593406594;9.340659340659341;9.58904109589041;4.945054945054945;6.575342465753424;8.516483516483516;10.41095890410959;8.767123287671232;4.683195592286501;6.685236768802229;8.100558659217876;8.86426592797784;NA;10.41095890410959;7.9452054794520555;NA;7.123287671232877;11.813186813186812;8.493150684931507;12.054794520547945;7.43801652892562;3.021978021978022;5.47945205479452;15.342465753424658;5.205479452054795;10.95890410958904;5.7534246575342465;6.0606060606060606;7.7134986225895315;6.301369863013699;3.0136986301369864;7.123287671232877;6.8493150684931505;6.8493150684931505;8.767123287671232;8.21917808219178
2011;4.10958904109589;2.191780821917808;3.0136986301369864;2.73972602739726;1.9178082191780823;7.671232876712329;6.027397260273973;3.5616438356164384;1.9178082191780823;5.234159779614325;8.493150684931507;9.04109589041096;4.931506849315069;4.10958904109589;NA;6.301369863013699;NA;NA;NA;5.21978021978022;6.575342465753424;3.8461538461538463;6.301369863013699;3.5616438356164384;4.10958904109589;3.8356164383561646;NA;5.205479452054795;8.21917808219178;NA;3.8461538461538463;4.657534246575342;5.205479452054795;9.58904109589041;4.10958904109589;6.575342465753424;5.205479452054795;6.077348066298343;3.8356164383561646;8.791208791208792;2.4657534246575343;4.10958904109589;5.7534246575342465;NA;3.0136986301369864;10.136986301369863;4.261363636363636;2.209944751381215;5.47945205479452;5.769230769230769;7.9452054794520555;7.671232876712329;5.7534246575342465;8.493150684931507;NA;3.571428571428571;6.027397260273973;3.287671232876712;6.027397260273973;2.4861878453038675;2.4657534246575343;4.10958904109589;9.315068493150685;3.571428571428571;8.21917808219178;6.575342465753424;7.563025210084033;6.318681318681318;6.575342465753424;3.287671232876712;7.397260273972603;4.931506849315069;3.5616438356164384;4.383561643835616;6.593406593406594
2012;7.377049180327869;5.7534246575342465;4.371584699453552;6.830601092896176;6.0109289617486334;5.737704918032787;4.958677685950414;7.103825136612022;5.737704918032787;6.557377049180328;9.289617486338798;6.830601092896176;7.650273224043716;7.923497267759563;9.562841530054644;8.19672131147541;6.318681318681318;8.83977900552486;10.10928961748634;6.8493150684931505;7.650273224043716;5.47945205479452;8.19672131147541;7.377049180327869;8.19672131147541;5.47945205479452;NA;3.8356164383561646;8.241758241758241;8.146067415730338;7.650273224043716;6.575342465753424;7.650273224043716;8.19672131147541;6.557377049180328;6.830601092896176;9.836065573770492;10.10928961748634;7.650273224043716;8.19672131147541;6.830601092896176;6.830601092896176;8.493150684931507;5.191256830601093;9.836065573770492;11.748633879781421;8.83977900552486;3.551912568306011;7.397260273972603;7.923497267759563;9.863013698630137;7.142857142857142;8.743169398907105;7.103825136612022;6.284153005464481;5.737704918032787;9.562841530054644;8.21917808219178;7.923497267759563;8.516483516483516;3.0054644808743167;3.825136612021858;6.593406593406594;3.278688524590164;5.46448087431694;9.289617486338798;18.904109589041095;6.830601092896176;9.01639344262295;12.841530054644808;NA;5.191256830601093;6.557377049180328;8.469945355191257;6.301369863013699
2013;4.1208791208791204;1.6528925619834711;3.8461538461538463;2.191780821917808;1.36986301369863;3.0136986301369864;3.0136986301369864;5.7534246575342465;2.4657534246575343;4.395604395604396;6.043956043956044;4.931506849315069;6.301369863013699;6.027397260273973;5.205479452054795;NA;4.748603351955307;7.397260273972603;10.43956043956044;6.741573033707865;3.287671232876712;3.287671232876712;6.301369863013699;3.5616438356164384;4.10958904109589;3.0136986301369864;NA;3.0136986301369864;5.47945205479452;4.788732394366197;NA;3.0136986301369864;6.301369863013699;7.9452054794520555;4.40771349862259;4.383561643835616;10.684931506849315;14.520547945205479;9.04109589041096;7.671232876712329;NA;4.383561643835616;3.296703296703297;2.4657534246575343;3.8356164383561646;6.8493150684931505;5.47945205479452;3.0136986301369864;2.191780821917808;5.47945205479452;4.931506849315069;7.142857142857142;5.7534246575342465;5.47945205479452;5.5096418732782375;5.47945205479452;7.9452054794520555;4.696132596685083;4.931506849315069;9.315068493150685;1.6528925619834711;6.027397260273973;3.287671232876712;5;4.931506849315069;3.296703296703297;12.32876712328767;4.931506849315069;4.657534246575342;14.794520547945206;NA;4.657534246575342;7.123287671232877;9.04109589041096;6.027397260273973
2014;1.643835616438356;1.9178082191780823;1.36986301369863;1.6713091922005572;NA;0.5524861878453038;2.191780821917808;3.5616438356164384;1.9178082191780823;1.098901098901099;4.696132596685083;5.47945205479452;3.0136986301369864;2.4657534246575343;4.456824512534819;2.7548209366391188;1.36986301369863;2.4657534246575343;3.571428571428571;1.9444444444444444;2.197802197802198;1.36986301369863;3.021978021978022;4.1208791208791204;NA;2.4657534246575343;NA;1.36986301369863;2.7624309392265194;NA;3.571428571428571;1.9178082191780823;4.143646408839778;NA;4.657534246575342;3.5616438356164384;5.7534246575342465;1.9283746556473829;2.4657534246575343;3.0136986301369864;NA;1.36986301369863;1.9178082191780823;1.9178082191780823;0.547945205479452;3.287671232876712;2.4657534246575343;1.36986301369863;1.9230769230769231;3.287671232876712;3.287671232876712;4.383561643835616;1.36986301369863;2.73972602739726;2.4657534246575343;1.1173184357541899;2.197802197802198;0.821917808219178;2.191780821917808;0.8241758241758242;3.5616438356164384;6.301369863013699;3.021978021978022;5.234159779614325;3.8461538461538463;1.36986301369863;6.027397260273973;2.191780821917808;4.748603351955307;2.73972602739726;NA;1.36986301369863;2.73972602739726;5.7534246575342465;2.197802197802198
2015;2.4657534246575343;1.098901098901099;2.191780821917808;1.095890410958904;1.643835616438356;1.3850415512465373;NA;NA;0.547945205479452;3.287671232876712;6.8493150684931505;4.657534246575342;4.383561643835616;1.643835616438356;5.205479452054795;4.1551246537396125;1.9178082191780823;4.383561643835616;6.0606060606060606;2.7777777777777777;2.4725274725274726;1.095890410958904;1.643835616438356;2.4657534246575343;3.0136986301369864;2.73972602739726;NA;3.296703296703297;3.287671232876712;1.9230769230769231;3.571428571428571;3.0386740331491713;2.4657534246575343;0.2824858757062147;1.095890410958904;2.191780821917808;4.10958904109589;7.397260273972603;4.10958904109589;2.2284122562674096;NA;1.9178082191780823;1.095890410958904;1.9178082191780823;1.36986301369863;3.287671232876712;2.197802197802198;1.095890410958904;3.0555555555555554;2.2598870056497176;4.696132596685083;2.4861878453038675;1.643835616438356;3.8356164383561646;1.643835616438356;1.095890410958904;5.47945205479452;1.643835616438356;2.191780821917808;2.197802197802198;5.205479452054795;7.671232876712329;6.301369863013699;6.575342465753424;2.4657534246575343;6.027397260273973;9.340659340659341;3.571428571428571;3.0136986301369864;NA;NA;NA;4.383561643835616;6.301369863013699;3.5616438356164384
2016;3.0136986301369864;1.6483516483516485;4.931506849315069;2.185792349726776;2.185792349726776;NA;1.9178082191780823;2.479338842975207;0.546448087431694;4.10958904109589;5.7534246575342465;6.027397260273973;5.46448087431694;5.737704918032787;7.923497267759563;4.644808743169399;5.191256830601093;5.46448087431694;8.743169398907105;6.111111111111111;2.73972602739726;2.191780821917808;5.205479452054795;3.571428571428571;4.644808743169399;6.575342465753424;NA;3.296703296703297;3.287671232876712;1.3774104683195594;4.986149584487535;4.098360655737705;5.191256830601093;NA;2.185792349726776;4.644808743169399;5.7534246575342465;5.205479452054795;4.383561643835616;NA;NA;5.205479452054795;2.4657534246575343;2.7472527472527473;3.0136986301369864;8.493150684931507;4.958677685950414;2.73224043715847;4.40771349862259;NA;4.918032786885246;7.103825136612022;3.825136612021858;4.371584699453552;4.371584699453552;4.657534246575342;6.575342465753424;4.644808743169399;5.737704918032787;3.287671232876712;5.47945205479452;3.571428571428571;6.318681318681318;NA;4.10958904109589;6.027397260273973;6.575342465753424;1.977401129943503;4.098360655737705;8.21917808219178;NA;2.479338842975207;4.644808743169399;9.562841530054644;5.46448087431694
2017;4.931506849315069;3.296703296703297;7.142857142857142;3.8356164383561646;5.205479452054795;3.0303030303030303;5.47945205479452;6.301369863013699;2.191780821917808;6.9252077562326875;8.539944903581267;6.593406593406594;5.7534246575342465;3.287671232876712;NA;NA;4.4692737430167595;3.5616438356164384;7.967032967032966;4.931506849315069;5.4945054945054945;2.4725274725274726;3.8461538461538463;2.7472527472527473;6.318681318681318;13.736263736263737;NA;4.1208791208791204;3.021978021978022;3.021978021978022;NA;3.0470914127423825;4.40771349862259;3.867403314917127;5.7534246575342465;4.10958904109589;7.6923076923076925;6.043956043956044;5.4945054945054945;NA;7.142857142857142;6.887052341597796;2.197802197802198;4.735376044568245;4.395604395604396;9.340659340659341;NA;3.287671232876712;4.683195592286501;6.336088154269973;5.307262569832402;5.602240896358544;5.47945205479452;6.575342465753424;3.0136986301369864;2.203856749311295;6.593406593406594;5.7534246575342465;5.205479452054795;3.8461538461538463;7.6923076923076925;3.296703296703297;6.593406593406594;6.318681318681318;7.417582417582418;9.065934065934066;10.164835164835164;NA;7.671232876712329;17.26027397260274;6.575342465753424;9.04109589041096;9.340659340659341;9.89010989010989;8.241758241758241
2018;3.6414565826330536;1.6713091922005572;1.9498607242339834;2.4657534246575343;1.643835616438356;NA;3.5616438356164384;0.821917808219178;1.643835616438356;7.563025210084033;5.042016806722689;3.072625698324022;3.8356164383561646;2.73972602739726;5.7534246575342465;4.40771349862259;4.10958904109589;3.0136986301369864;6.575342465753424;2.209944751381215;5.8495821727019495;2.2284122562674096;3.35195530726257;7.262569832402235;4.49438202247191;6.424581005586592;NA;1.400560224089636;6.0606060606060606;4.395604395604396;4.775280898876404;2.7548209366391188;3.6011080332409975;1.9444444444444444;3.5616438356164384;4.383561643835616;3.6211699164345403;5.865921787709497;3.6211699164345403;4.545454545454546;4.189944134078212;3.6211699164345403;2.2346368715083798;3.3426183844011144;3.064066852367688;4.213483146067416;NA;1.9178082191780823;3.581267217630854;3.581267217630854;4.40771349862259;5.833333333333333;3.287671232876712;4.931506849315069;2.7472527472527473;4.519774011299435;3.6312849162011176;3.5616438356164384;5.205479452054795;4.189944134078212;1.9553072625698324;3.6211699164345403;1.675977653631285;3.672316384180791;3.072625698324022;1.6713091922005572;6.442577030812324;NA;4.10958904109589;10.41095890410959;2.73972602739726;3.5616438356164384;3.0303030303030303;6.868131868131869;3.8356164383561646
2019;3.6011080332409975;2.21606648199446;1.662049861495845;2.4657534246575343;2.73972602739726;1.3774104683195594;NA;3.287671232876712;1.9178082191780823;7.479224376731302;3.6111111111111107;6.3711911357340725;NA;NA;7.458563535911603;3.3057851239669422;1.9178082191780823;3.5616438356164384;7.123287671232877;1.9230769230769231;6.64819944598338;3.0470914127423825;1.9390581717451523;9.418282548476455;2.785515320334262;9.392265193370166;NA;2.4930747922437675;3.0386740331491713;NA;3.3333333333333335;2.209944751381215;1.6528925619834711;1.6901408450704223;3.8461538461538463;3.0136986301369864;3.6011080332409975;3.32409972299169;NA;2.2284122562674096;0.554016620498615;3.0470914127423825;0.2770083102493075;1.662049861495845;1.10803324099723;3.32409972299169;2.7700831024930745;NA;1.6528925619834711;2.479338842975207;2.479338842975207;3.3057851239669422;2.4657534246575343;5.47945205479452;2.191780821917808;1.675977653631285;3.0386740331491713;NA;NA;3.8781163434903045;3.8781163434903045;2.21606648199446;3.32409972299169;10.30640668523677;4.722222222222222;4.7091412742382275;8.587257617728532;5.540166204986149;7.123287671232877;6.8493150684931505;5.205479452054795;6.575342465753424;3.8781163434903045;6.094182825484765;6.094182825484765
2020;4.143646408839778;2.185792349726776;1.639344262295082;3.0054644808743167;2.459016393442623;2.5139664804469275;NA;2.185792349726776;3.0054644808743167;8.743169398907105;7.377049180327869;4.371584699453552;3.278688524590164;1.912568306010929;5.46448087431694;5.46448087431694;2.73224043715847;3.825136612021858;4.918032786885246;3.021978021978022;8.743169398907105;2.73224043715847;3.825136612021858;7.377049180327869;3.0054644808743167;8.19672131147541;3.0054644808743167;3.0054644808743167;NA;1.639344262295082;6.043956043956044;2.73972602739726;3.278688524590164;6.301369863013699;4.371584699453552;NA;3.278688524590164;1.9607843137254901;6.284153005464481;4.371584699453552;2.185792349726776;4.644808743169399;1.639344262295082;1.912568306010929;1.912568306010929;3.825136612021858;3.278688524590164;2.185792349726776;5.191256830601093;5.205479452054795;5.205479452054795;5.191256830601093;3.825136612021858;3.278688524590164;3.0054644808743167;1.912568306010929;4.644808743169399;2.459016393442623;3.0054644808743167;1.643835616438356;4.670329670329671;4.644808743169399;4.657534246575342;NA;4.918032786885246;6.0109289617486334;8.493150684931507;2.185792349726776;4.918032786885246;4.098360655737705;NA;2.459016393442623;5.191256830601093;6.557377049180328;5.737704918032787
